name,type,ra_deg,dec_deg,area_sqdeg,opacity,sequence,related_barnard
LDN1800,DrkN,255.3755,-22.2387,0.015,3,1,
LDN1801,DrkN,267.5481,-29.5138,2.770,2,2,
LDN1799,DrkN,251.7348,-19.6723,0.017,4,3,
LDN0002,DrkN,271.8113,-31.4932,1.240,2,4,
LDN1802,DrkN,255.5755,-22.2211,0.016,3,5,
LDN0003,DrkN,270.8080,-30.9980,5.600,2,6,
LDN0004,DrkN,255.6255,-22.2042,0.004,5,7,
LDN0001,DrkN,247.2144,-16.1094,0.054,3,8,
LDN0005,DrkN,259.0646,-24.4213,0.012,4,9,
LDN0007,DrkN,262.1518,-26.2899,0.036,6,10,
LDN0006,DrkN,257.2570,-23.2299,0.052,3,11,
LDN0008,DrkN,251.6076,-19.2562,0.084,4,12,
LDN0010,DrkN,269.4521,-30.1046,0.003,4,13,
LDN0009,DrkN,257.5071,-23.2287,0.070,3,14,
LDN0011,DrkN,257.0300,-22.8976,0.012,6,15,57
LDN0012,DrkN,269.5523,-30.1208,0.003,4,16,
LDN0014,DrkN,261.2720,-25.5441,0.020,4,17,260
LDN0013,DrkN,256.0005,-22.1691,0.012,3,18,
LDN0015,DrkN,256.1005,-22.1686,0.043,6,19,51
LDN0016,DrkN,259.0124,-24.0549,0.120,3,20,
LDN0019,DrkN,262.2753,-26.0393,0.642,4,21,265 264
LDN0017,DrkN,257.0041,-22.7311,0.404,3,22,246  60
LDN0018,DrkN,257.2551,-22.8965,0.010,4,23,
LDN0020,DrkN,257.1291,-22.7305,0.047,4,24,
LDN0021,DrkN,262.2747,-25.9393,0.023,5,25,
LDN0022,DrkN,251.7310,-18.9223,0.280,3,26,
LDN0024,DrkN,259.3874,-24.0198,0.004,5,27,
LDN0023,DrkN,259.3121,-23.9701,0.002,5,28,
LDN0025,DrkN,263.1265,-26.1852,0.007,6,29,
LDN0026,DrkN,271.3047,-30.4956,0.034,3,30,
LDN0029,DrkN,271.7056,-30.6270,0.030,3,31,
LDN0027,DrkN,246.9595,-15.1105,3.460,1,32,
LDN0028,DrkN,259.7627,-24.0513,2.220,2,33,
LDN0030,DrkN,258.2565,-23.0585,0.215,1,34,
LDN0031,DrkN,252.4822,-19.0855,0.022,6,35,
LDN0032,DrkN,257.7539,-22.6442,0.111,4,36,
LDN0033,DrkN,250.3476,-17.4286,0.312,2,37,
LDN0034,DrkN,267.0386,-28.0163,25.000,3,38,
LDN0035,DrkN,269.1205,-29.0729,0.020,4,39,289
LDN0036,DrkN,262.1704,-25.2064,0.004,5,40,267
LDN0037,DrkN,260.0119,-23.8834,0.014,3,41,
LDN0038,DrkN,257.8280,-22.4771,0.008,5,42,
LDN0040,DrkN,269.2955,-29.0720,0.029,4,43,
LDN0039,DrkN,257.9032,-22.4935,0.017,5,44,317
LDN0041,DrkN,271.3015,-29.9956,0.009,3,45,
LDN0042,DrkN,263.2736,-25.7011,1.450,4,46,78
LDN0044,DrkN,260.0109,-23.7168,0.036,1,47,
LDN0045,DrkN,262.7715,-25.3702,0.348,4,48,
LDN0043,DrkN,248.6139,-15.8365,0.070,6,49,
LDN0046,DrkN,258.2537,-22.5585,0.348,3,50,
LDN0048,DrkN,269.5451,-29.0041,6.140,1,51,
LDN0049,DrkN,270.5483,-29.4993,1.040,3,52,
LDN0050,DrkN,261.2652,-24.3774,0.018,4,53,76  73
LDN0047,DrkN,252.4796,-18.5855,0.280,3,54,
LDN0052,DrkN,263.0465,-25.3522,0.006,6,55,
LDN0051,DrkN,258.1524,-22.3423,0.034,4,56,
LDN0053,DrkN,260.7874,-23.9131,0.001,6,57,71
LDN0054,DrkN,260.8877,-23.9626,0.002,4,58,70
LDN0055,DrkN,260.7622,-23.8799,0.003,6,59,69
LDN0056,DrkN,258.7539,-22.5561,0.462,3,60,
LDN0058,DrkN,262.6188,-24.9209,0.004,5,61,
LDN0057,DrkN,260.6613,-23.7303,0.003,6,62,68
LDN0059,DrkN,260.1591,-23.3827,0.007,3,63,255
LDN0060,DrkN,258.0003,-21.9763,0.035,4,64,
LDN0061,DrkN,262.8439,-24.9199,0.008,5,65,
LDN0063,DrkN,252.4771,-18.0855,0.037,6,66,
LDN0062,DrkN,252.4771,-18.0855,1.740,1,67,
LDN0064,DrkN,265.0260,-26.0260,0.995,4,68,
LDN0065,DrkN,258.2500,-21.8918,0.088,6,69,
LDN0066,DrkN,261.0103,-23.5453,0.009,6,70,72
LDN0068,DrkN,271.7724,-29.3600,0.006,3,71,
LDN0067,DrkN,258.5001,-21.8906,0.088,5,72,
LDN0069,DrkN,262.0135,-24.0405,2.190,3,73,77 269
LDN0070,DrkN,261.2604,-23.5441,0.010,4,74,
LDN0071,DrkN,258.4992,-21.7240,0.142,4,75,
LDN0072,DrkN,260.0043,-22.5501,0.308,2,76,
LDN0073,DrkN,262.7647,-24.2036,0.278,2,77,
LDN0075,DrkN,272.0461,-29.1587,0.068,1,78,
LDN0074,DrkN,264.5210,-25.1951,0.038,6,79,
LDN0076,DrkN,264.2699,-25.0297,0.531,3,80,
LDN0077,DrkN,259.7526,-22.2513,0.005,2,81,
LDN0078,DrkN,270.2899,-28.1838,0.001,3,82,294
LDN0079,DrkN,258.7479,-21.4728,0.300,4,83,
LDN0080,DrkN,264.7705,-25.1106,0.005,5,84,
LDN0081,DrkN,261.2574,-23.0108,0.009,5,85,74
LDN0082,DrkN,266.5263,-26.0188,2.260,2,86,
LDN0084,DrkN,264.0170,-24.5309,0.328,4,87,
LDN0083,DrkN,248.5813,-14.2699,0.056,5,88,
LDN0085,DrkN,261.5075,-23.0096,0.036,4,89,261
LDN0086,DrkN,260.2526,-22.2156,0.063,2,90,
LDN0087,DrkN,259.6500,-21.8018,0.001,5,91,
LDN0088,DrkN,260.1266,-22.0495,0.027,2,92,
LDN0090,DrkN,264.8941,-24.8600,0.036,5,93,
LDN0089,DrkN,259.6245,-21.7019,0.005,5,94,
LDN0091,DrkN,260.8792,-22.4626,0.016,4,95,262
LDN0092,DrkN,259.7496,-21.7180,0.005,5,96,
LDN0093,DrkN,270.6878,-27.8319,0.007,5,97,86
LDN0094,DrkN,260.0000,-21.7668,0.041,2,98,
LDN0095,DrkN,259.9995,-21.6835,0.010,5,99,
LDN0096,DrkN,272.0408,-28.3253,0.030,1,100,
LDN0097,DrkN,271.8399,-28.1763,0.011,3,101,
LDN0099,DrkN,259.7478,-21.3847,0.090,3,102,63
LDN0100,DrkN,258.9948,-20.8882,0.075,6,103,62
LDN0101,DrkN,260.4503,-21.7980,0.002,5,104,
LDN0098,DrkN,248.9549,-13.9516,0.011,4,105,
LDN0102,DrkN,260.6258,-21.8805,0.035,6,106,67A
LDN0103,DrkN,260.3748,-21.7150,0.009,3,107,
LDN0104,DrkN,258.9943,-20.8049,0.019,6,108,
LDN0105,DrkN,249.1050,-13.9509,0.001,5,109,
LDN0108,DrkN,272.5407,-28.3229,0.003,6,110,
LDN0107,DrkN,261.5034,-22.2929,0.023,5,111,
LDN0106,DrkN,249.1800,-13.9505,0.001,5,112,
LDN0109,DrkN,264.7647,-24.1106,0.007,5,113,83
LDN0111,DrkN,258.7918,-20.3559,0.007,6,114,61
LDN0112,DrkN,261.2510,-21.8775,0.034,5,115,75
LDN0110,DrkN,252.4670,-16.0855,0.354,3,116,82  81
LDN0113,DrkN,264.6382,-23.8612,0.041,2,117,
LDN0114,DrkN,265.0143,-24.0260,0.496,2,118,
LDN0115,DrkN,253.4703,-16.6642,0.142,3,119,
LDN0116,DrkN,271.6356,-27.4940,0.002,3,120,
LDN0117,DrkN,261.2501,-21.7108,0.172,2,121,
LDN0120,DrkN,271.6101,-27.4108,0.010,3,122,299
LDN0119,DrkN,270.7826,-26.9981,0.342,2,123,
LDN0118,DrkN,253.7208,-16.7464,0.054,4,124,
LDN0122,DrkN,253.7959,-16.7460,0.020,6,125,
LDN0121,DrkN,249.9557,-14.0137,0.017,5,126,
LDN0123,DrkN,271.9101,-27.4093,0.002,4,127,
LDN0124,DrkN,273.2886,-27.9859,4.320,2,128,
LDN0125,DrkN,264.0083,-23.0309,0.975,3,129,272
LDN0126,DrkN,265.7644,-24.0224,0.361,1,130,
LDN0127,DrkN,272.0345,-27.3087,0.007,4,131,
LDN0128,DrkN,262.7533,-22.2036,0.810,2,132,
LDN0130,DrkN,266.2654,-24.1867,0.296,2,133,281
LDN0129,DrkN,253.7437,-16.3296,0.009,6,134,
LDN0131,DrkN,261.2473,-21.2108,0.362,3,135,
LDN0133,DrkN,269.7766,-26.0030,0.117,4,136,
LDN0132,DrkN,253.7183,-16.2464,0.052,4,137,
LDN0135,DrkN,270.5286,-26.3327,0.008,4,138,
LDN0136,DrkN,262.2504,-21.7060,0.151,1,139,
LDN0138,DrkN,260.9954,-20.8787,1.030,1,140,
LDN0137,DrkN,252.7137,-15.4177,0.896,4,141,
LDN0134,DrkN,238.4097,-4.6472,0.220,5,142,
LDN0139,DrkN,259.1885,-19.7206,0.115,3,143,251
LDN0140,DrkN,268.2705,-25.0103,1.010,2,144,
LDN0142,DrkN,265.7615,-23.5224,1.480,3,145,279
LDN0141,DrkN,252.7129,-15.2510,0.077,5,146,
LDN0143,DrkN,272.5325,-26.9896,0.500,3,147,
LDN0144,DrkN,265.1335,-23.0255,0.029,4,148,277
LDN0147,DrkN,271.0275,-26.1636,0.047,4,149,
LDN0145,DrkN,248.8218,-12.2688,0.145,1,150,
LDN0146,DrkN,254.0922,-15.9946,0.066,5,151,
LDN0149,DrkN,261.7456,-20.8751,0.518,3,152,266
LDN0148,DrkN,251.6071,-14.1728,0.012,5,153,
LDN0150,DrkN,269.2706,-25.0054,13.550,3,154,
LDN0151,DrkN,271.5275,-26.1611,0.398,2,155,
LDN0153,DrkN,265.0061,-22.6094,0.511,3,156,
LDN0152,DrkN,252.4595,-14.5855,1.040,3,157,
LDN0155,DrkN,264.5042,-22.2785,1.610,2,158,
LDN0154,DrkN,265.5076,-22.8570,0.497,1,159,
LDN0157,DrkN,272.2790,-26.4075,0.008,4,160,
LDN0156,DrkN,249.3220,-12.2665,0.127,1,161,
LDN0159,DrkN,267.1376,-23.6824,0.071,1,162,
LDN0160,DrkN,266.2597,-23.1867,0.054,2,163,
LDN0161,DrkN,267.7646,-24.0127,0.117,2,164,
LDN0158,DrkN,251.9569,-14.0878,0.056,6,165,
LDN0162,DrkN,252.2828,-14.2530,0.124,6,166,
LDN0163,DrkN,252.4583,-14.3355,0.032,2,167,
LDN0164,DrkN,264.2518,-21.8630,0.063,3,168,
LDN0165,DrkN,274.0323,-26.9823,0.054,1,169,
LDN0166,DrkN,270.5216,-25.1660,0.008,5,170,
LDN0167,DrkN,271.5245,-25.6611,0.144,1,171,
LDN0168,DrkN,263.2469,-21.0345,1.050,3,172,80
LDN0171,DrkN,270.7716,-25.1648,0.316,2,173,
LDN0170,DrkN,266.7588,-23.0176,0.479,1,174,
LDN0169,DrkN,238.1541,-3.3149,0.860,4,175,
LDN0172,DrkN,264.5004,-21.6118,0.026,4,176,274
LDN0174,DrkN,264.7509,-21.6940,0.020,3,177,
LDN0173,DrkN,259.3065,-18.3867,0.020,6,178,64
LDN0176,DrkN,272.5254,-25.8230,0.308,2,179,
LDN0175,DrkN,259.5822,-18.5188,0.016,5,180,
LDN0177,DrkN,260.7363,-19.2132,0.034,4,181,259
LDN0178,DrkN,262.9941,-20.5357,0.672,4,182,268
LDN0179,DrkN,260.9868,-19.2954,0.047,1,183,
LDN0180,DrkN,270.7691,-24.7481,2.760,1,184,
LDN0181,DrkN,277.7882,-28.0808,0.008,3,185,
LDN0182,DrkN,263.2442,-20.5345,1.110,2,186,
LDN0185,DrkN,262.9927,-20.2858,0.108,5,187,270
LDN0183,DrkN,238.4785,-3.1469,0.240,5,188,
LDN0187,DrkN,273.0249,-25.7372,0.694,2,189,
LDN0186,DrkN,266.0030,-22.0212,0.300,1,190,
LDN0188,DrkN,268.2599,-23.1770,0.298,4,191,
LDN0189,DrkN,265.7511,-21.6891,0.596,1,192,
LDN0190,DrkN,252.0762,-12.9206,0.022,4,193,
LDN0193,DrkN,263.9943,-20.5309,0.104,4,194,
LDN0192,DrkN,262.7399,-19.7870,0.278,5,195,
LDN0191,DrkN,251.9504,-12.7545,0.158,5,196,
LDN0194,DrkN,273.2734,-25.4860,0.316,3,197,
LDN0195,DrkN,273.9747,-25.7326,0.003,3,198,306
LDN0196,DrkN,272.5205,-24.9896,0.002,5,199,
LDN0197,DrkN,273.2725,-25.3360,0.014,2,200,
LDN0198,DrkN,273.3976,-25.3687,0.010,4,201,
LDN0199,DrkN,273.7731,-25.4502,0.001,5,202,
LDN0200,DrkN,272.5195,-24.8230,1.050,2,203,
LDN0201,DrkN,275.0260,-25.9775,3.450,2,204,
LDN0203,DrkN,273.5964,-25.1677,0.004,4,205,
LDN0202,DrkN,264.6185,-20.3612,0.122,2,206,
LDN0204,DrkN,251.9471,-12.0879,0.167,6,207,
LDN0205,DrkN,276.5282,-26.3869,0.026,2,208,
LDN0206,DrkN,262.7359,-19.0370,3.560,3,209,
LDN0207,DrkN,266.2474,-21.0200,2.000,3,210,280
LDN0208,DrkN,273.2684,-24.6527,0.032,1,211,
LDN0210,DrkN,272.2904,-24.1241,0.001,5,212,303
LDN0211,DrkN,272.3906,-24.1569,0.008,5,213,
LDN0209,DrkN,264.4907,-19.8618,0.013,4,214,
LDN0212,DrkN,272.7665,-24.3218,0.093,5,215,
LDN0213,DrkN,272.2647,-24.0075,0.001,5,216,302
LDN0214,DrkN,272.2645,-23.9742,0.001,5,217,
LDN0215,DrkN,269.5061,-22.5042,8.830,2,218,
LDN0216,DrkN,264.4896,-19.6619,0.011,6,219,79
LDN0217,DrkN,277.0266,-26.1345,0.009,2,220,
LDN0218,DrkN,268.7530,-21.9746,0.025,3,221,
LDN0219,DrkN,264.8653,-19.7767,0.084,6,222,
LDN0220,DrkN,262.7328,-18.4703,0.007,4,223,
LDN0221,DrkN,272.7646,-23.9884,1.620,3,224,
LDN0224,DrkN,272.1367,-23.4915,0.015,5,225,
LDN0222,DrkN,265.2904,-19.7746,0.001,6,226,
LDN0223,DrkN,265.1900,-19.7085,0.001,6,227,
LDN0227,DrkN,272.5127,-23.6563,0.050,5,228,90
LDN0226,DrkN,265.1397,-19.6587,0.003,6,229,
LDN0225,DrkN,263.2333,-18.5346,0.088,2,230,
LDN0228,DrkN,265.1896,-19.6251,0.002,6,231,
LDN0230,DrkN,272.2615,-23.4575,0.003,5,232,
LDN0229,DrkN,265.0389,-19.5092,0.002,6,233,
LDN0231,DrkN,265.0890,-19.5256,0.001,6,234,83A
LDN0232,DrkN,271.2580,-22.8291,0.086,1,235,
LDN0233,DrkN,266.2669,-20.0199,0.001,6,236,
LDN0236,DrkN,276.5217,-25.3036,0.029,3,237,
LDN0235,DrkN,266.6179,-20.1849,0.038,6,238,84
LDN0237,DrkN,270.2542,-22.1673,0.524,1,239,
LDN0234,DrkN,252.1924,-11.0867,1.410,3,240,
LDN0238,DrkN,248.9305,-8.7683,0.054,3,241,
LDN0239,DrkN,278.3504,-26.0114,0.018,6,242,98
LDN0240,DrkN,279.2773,-26.3737,0.022,3,243,
LDN0242,DrkN,273.0362,-23.4038,0.010,4,244,
LDN0241,DrkN,272.8857,-23.3212,0.021,4,245,
LDN0243,DrkN,273.0107,-23.3206,0.524,3,246,
LDN0244,DrkN,252.9434,-11.2499,0.086,4,247,
LDN0245,DrkN,277.7724,-25.4642,0.440,1,248,
LDN0246,DrkN,266.2392,-19.5200,10.000,3,249,
LDN0247,DrkN,276.0174,-24.5560,0.034,1,250,
LDN0248,DrkN,279.0239,-25.7915,0.052,1,251,
LDN0250,DrkN,275.8401,-24.1402,0.002,3,252,
LDN0251,DrkN,277.2686,-24.8000,0.185,1,253,
LDN0249,DrkN,272.5060,-22.4897,0.190,1,254,
LDN0252,DrkN,275.7896,-24.0571,0.004,3,255,
LDN0253,DrkN,280.0245,-25.9534,0.689,1,256,
LDN0254,DrkN,267.4902,-19.6807,0.235,2,257,
LDN0256,DrkN,273.7587,-22.9836,0.377,2,258,
LDN0255,DrkN,251.9368,-9.9212,0.032,6,259,
LDN0257,DrkN,272.7555,-22.4051,0.075,2,260,
LDN0258,DrkN,266.2355,-18.8534,0.180,2,261,
LDN0259,DrkN,276.2641,-23.9881,0.023,3,262,
LDN0260,DrkN,251.9352,-9.5879,0.074,6,263,
LDN0262,DrkN,270.7476,-20.9982,0.009,6,264,
LDN0261,DrkN,263.9763,-17.1976,0.268,2,265,
LDN0263,DrkN,279.0190,-24.9582,2.430,2,266,
LDN0264,DrkN,267.2356,-18.8485,0.142,2,267,
LDN0265,DrkN,274.2558,-22.4812,0.330,2,268,
LDN0266,DrkN,277.7646,-24.1309,0.418,2,269,
LDN0268,DrkN,275.8843,-23.1400,0.005,4,270,
LDN0267,DrkN,275.8843,-23.1400,0.005,2,271,
LDN0269,DrkN,277.3877,-23.7994,0.041,2,272,276
LDN0271,DrkN,272.7494,-21.3218,0.016,3,273,
LDN0270,DrkN,267.2329,-18.3485,0.450,2,274,
LDN0272,DrkN,274.5039,-22.1466,0.070,3,275,308
LDN0273,DrkN,266.1038,-17.6040,0.007,3,276,
LDN0274,DrkN,272.3224,-20.9572,0.020,4,277,
LDN0275,DrkN,272.9986,-21.1873,0.001,3,278,
LDN0276,DrkN,265.9775,-17.3546,0.043,3,279,
LDN0277,DrkN,266.3532,-17.4861,0.005,3,280,
LDN0279,DrkN,268.2339,-18.5104,0.462,2,281,
LDN0278,DrkN,254.6890,-10.2418,1.150,3,282,
LDN0281,DrkN,271.2421,-19.9958,1.280,2,283,
LDN0282,DrkN,273.2475,-20.9860,0.052,4,284,
LDN0280,DrkN,254.6882,-10.0751,0.251,4,285,
LDN0283,DrkN,264.7203,-16.0274,4.780,2,286,
LDN0284,DrkN,279.0103,-23.4582,0.199,1,287,
LDN0286,DrkN,270.4875,-19.1661,0.115,2,288,
LDN0285,DrkN,268.9830,-18.3401,0.214,4,289,
LDN0288,DrkN,269.4839,-18.5043,0.050,5,290,
LDN0287,DrkN,260.7059,-13.3800,0.158,1,291,
LDN0289,DrkN,270.2357,-18.8340,0.027,2,292,
LDN0290,DrkN,265.7204,-16.0225,1.320,1,293,
LDN0291,DrkN,274.9972,-20.9776,0.274,4,294,
LDN0292,DrkN,269.4312,-18.0045,0.050,4,295,
LDN0293,DrkN,269.4812,-18.0043,2.020,1,296,
LDN0294,DrkN,278.0040,-22.2964,0.002,3,297,
LDN0295,DrkN,278.2043,-22.3454,0.002,3,298,
LDN0297,DrkN,281.7621,-23.9451,0.176,1,299,
LDN0296,DrkN,278.1290,-22.2958,0.002,3,300,
LDN0298,DrkN,269.7312,-18.0031,0.106,3,301,
LDN0299,DrkN,255.1843,-9.2394,0.208,2,302,
LDN0300,DrkN,282.7636,-24.2736,0.370,1,303,
LDN0301,DrkN,278.8549,-22.4923,0.018,2,304,
LDN0302,DrkN,269.3794,-17.6715,0.040,5,305,84A
LDN0303,DrkN,271.9866,-18.9921,18.000,3,306,304 301 297
LDN0304,DrkN,278.7529,-22.1261,0.020,2,307,
LDN0305,DrkN,267.4719,-16.2640,4.170,2,308,
LDN0306,DrkN,275.7953,-20.6404,0.025,4,309,
LDN0307,DrkN,271.5586,-18.4442,0.001,6,310,
LDN0308,DrkN,271.6835,-18.4269,0.001,6,311,
LDN0309,DrkN,277.7494,-21.4643,0.014,4,312,
LDN0310,DrkN,271.7332,-18.3600,0.004,6,313,
LDN0311,DrkN,282.3840,-23.4421,0.224,2,314,
LDN0313,DrkN,278.3747,-21.5446,0.018,3,315,99
LDN0312,DrkN,267.7206,-16.0128,2.610,1,316,
LDN0314,DrkN,275.2417,-19.9764,3.600,3,317,
LDN0315,DrkN,274.4891,-19.4800,6.000,2,318,
LDN0316,DrkN,281.1798,-22.6145,0.108,1,319,
LDN0317,DrkN,255.1787,-8.0728,1.600,4,320,
LDN0318,DrkN,269.9750,-16.8352,0.009,4,321,
LDN0319,DrkN,270.4750,-16.8328,0.043,1,322,
LDN0320,DrkN,269.9732,-16.5019,1.420,2,323,
LDN0321,DrkN,282.5794,-22.6412,0.025,3,324,
LDN0322,DrkN,274.9863,-18.9776,1.290,2,325,
LDN0323,DrkN,273.8821,-18.1829,0.016,6,326,92
LDN0324,DrkN,260.4409,-10.3812,5.800,1,327,
LDN0325,DrkN,268.4654,-15.0092,0.900,3,328,
LDN0326,DrkN,267.4623,-14.4307,0.030,4,329,
LDN0327,DrkN,274.2314,-18.0646,0.011,4,330,93
LDN0328,DrkN,274.2311,-17.9979,0.001,6,331,
LDN0329,DrkN,280.1205,-20.8695,0.052,2,332,
LDN0330,DrkN,267.6115,-14.2800,0.011,6,333,284
LDN0331,DrkN,274.2301,-17.8146,0.005,4,334,
LDN0332,DrkN,275.2317,-18.1431,0.014,3,335,
LDN0334,DrkN,279.9933,-20.4535,0.075,1,336,
LDN0333,DrkN,272.7249,-16.8219,0.498,1,337,
LDN0335,DrkN,274.7800,-17.8119,0.004,3,338,307
LDN0336,DrkN,274.9804,-17.8943,0.047,3,339,
LDN0337,DrkN,269.4646,-14.8543,0.022,4,340,
LDN0338,DrkN,268.9628,-14.5068,0.034,4,341,
LDN0339,DrkN,269.1382,-14.5893,0.016,4,342,
LDN0341,DrkN,269.8386,-14.6692,0.011,4,343,
LDN0340,DrkN,269.7133,-14.6031,0.035,3,344,
LDN0342,DrkN,275.4790,-17.6418,0.795,1,345,
LDN0343,DrkN,277.2328,-18.4001,0.987,3,346,
LDN0344,DrkN,280.4904,-19.9511,0.016,3,347,315
LDN0345,DrkN,268.4585,-13.6759,0.240,2,348,
LDN0346,DrkN,280.7403,-19.9499,0.016,3,349,
LDN0347,DrkN,271.9679,-15.4922,0.190,2,350,
LDN0348,DrkN,272.4688,-15.6564,0.027,2,351,
LDN0349,DrkN,267.7800,-13.0125,0.011,4,352,
LDN0350,DrkN,276.9797,-17.8013,0.145,3,353,310
LDN0351,DrkN,275.9767,-17.2228,0.029,4,354,
LDN0353,DrkN,278.2321,-18.2952,3.330,1,355,
LDN0352,DrkN,266.4499,-12.0189,5.250,1,356,
LDN0354,DrkN,276.2269,-17.2549,0.029,4,357,
LDN0355,DrkN,267.9533,-12.6783,0.075,4,358,
LDN0356,DrkN,277.6041,-17.7149,0.011,4,359,311
LDN0357,DrkN,273.9691,-15.7325,0.151,1,360,
LDN0358,DrkN,268.2025,-12.5104,0.750,3,361,
LDN0359,DrkN,275.7228,-16.4740,5.000,3,362,
LDN0360,DrkN,267.9262,-12.2618,0.009,5,363,
LDN0361,DrkN,268.0008,-12.1781,0.012,5,364,
LDN0362,DrkN,277.4760,-17.1322,0.465,2,365,
LDN0363,DrkN,269.7051,-13.0031,2.190,2,366,
LDN0364,DrkN,278.7284,-17.6262,0.102,3,367,
LDN0365,DrkN,280.7323,-18.4499,0.093,1,368,
LDN0368,DrkN,271.3309,-13.1619,1.550,4,369,
LDN0367,DrkN,267.4449,-11.0141,0.800,4,370,
LDN0369,DrkN,281.5307,-18.1961,0.016,2,371,
LDN0370,DrkN,277.6462,-16.2147,0.009,4,372,
LDN0371,DrkN,259.4196,-6.0527,1.020,2,373,
LDN0372,DrkN,277.6454,-16.0647,0.001,6,374,
LDN0373,DrkN,261.4247,-7.0431,0.395,1,375,
LDN0374,DrkN,277.4690,-15.7989,0.348,3,376,
LDN0375,DrkN,272.2050,-12.9910,0.118,4,377,
LDN0376,DrkN,275.7133,-14.6407,0.730,4,378,
LDN0377,DrkN,293.0719,-22.3926,0.002,3,379,
LDN0378,DrkN,279.2195,-15.9571,0.088,3,380,
LDN0379,DrkN,277.7155,-15.1310,0.181,4,381,312
LDN0380,DrkN,275.7098,-13.9740,0.258,4,382,
LDN0381,DrkN,279.3437,-15.7899,0.005,4,383,
LDN0382,DrkN,266.9348,-9.0165,0.219,4,384,
LDN0383,DrkN,270.6949,-10.9983,0.754,3,385,
LDN0384,DrkN,270.6936,-10.7483,7.160,1,386,
LDN0385,DrkN,278.7139,-14.8429,0.011,3,387,
LDN0386,DrkN,273.1999,-11.9862,18.700,3,388,
LDN0387,DrkN,259.6600,-4.0515,0.548,2,389,
LDN0388,DrkN,278.2107,-14.2120,5.890,1,390,
LDN0389,DrkN,278.2103,-14.1286,0.121,3,391,
LDN0390,DrkN,278.9619,-14.4583,0.147,3,392,
LDN0392,DrkN,268.4324,-8.5093,0.010,5,393,
LDN0391,DrkN,258.9052,-3.0551,0.393,3,394,
LDN0393,DrkN,266.1757,-7.1869,20.000,2,395,
LDN0394,DrkN,275.4509,-12.2252,1.500,1,396,
LDN0395,DrkN,279.7100,-14.1214,0.416,3,397,
LDN0396,DrkN,278.0057,-13.2129,0.004,3,398,
LDN0398,DrkN,278.2061,-13.2953,0.011,3,399,
LDN0397,DrkN,270.6865,-9.3317,0.283,4,400,
LDN0399,DrkN,276.7020,-12.4692,1.050,1,401,
LDN0400,DrkN,268.9312,-8.2568,0.095,4,402,
LDN0401,DrkN,279.5333,-13.7889,0.007,5,403,102
LDN0402,DrkN,277.4532,-12.7156,0.006,5,404,
LDN0403,DrkN,279.2067,-13.4572,0.011,4,405,
LDN0404,DrkN,277.4519,-12.4656,0.013,2,406,
LDN0405,DrkN,275.6971,-11.4740,10.500,3,407,
LDN0406,DrkN,276.4487,-11.8038,0.746,5,408,95
LDN0407,DrkN,278.7043,-12.9596,0.339,2,409,
LDN0408,DrkN,272.6873,-9.4886,0.474,4,410,
LDN0409,DrkN,280.4565,-13.4512,1.460,4,411,
LDN0410,DrkN,280.7064,-13.4500,5.000,3,412,
LDN0411,DrkN,276.9470,-11.4680,0.010,5,413,
LDN0412,DrkN,277.9493,-11.9632,0.018,4,414,
LDN0413,DrkN,276.6458,-11.2195,0.010,5,415,
LDN0414,DrkN,276.0689,-10.8389,0.010,5,416,
LDN0415,DrkN,276.1929,-10.6383,0.140,4,417,96  94
LDN0416,DrkN,276.3179,-10.6377,0.005,6,418,
LDN0417,DrkN,276.3177,-10.6044,0.003,5,419,
LDN0418,DrkN,273.6856,-9.1504,0.160,3,420,
LDN0419,DrkN,273.1831,-8.6529,0.108,4,421,
LDN0420,DrkN,276.4412,-10.3038,0.010,5,422,
LDN0421,DrkN,268.5691,-5.8086,0.020,5,423,
LDN0422,DrkN,272.9307,-8.1541,0.007,6,424,
LDN0423,DrkN,276.9407,-10.2180,0.012,5,425,
LDN0424,DrkN,273.6823,-8.4838,0.131,3,426,
LDN0425,DrkN,266.7135,-4.6842,0.017,5,427,
LDN0426,DrkN,272.8797,-7.9543,0.001,3,428,
LDN0427,DrkN,276.6887,-9.8026,0.004,5,429,
LDN0428,DrkN,266.9127,-4.5166,0.370,3,430,
LDN0429,DrkN,274.1814,-8.3147,0.068,6,431,
LDN0430,DrkN,272.9280,-7.6208,0.003,5,432,
LDN0431,DrkN,273.4290,-7.8183,0.093,4,433,
LDN0432,DrkN,269.6688,-5.7532,0.008,6,434,
LDN0434,DrkN,280.6964,-11.4500,1.110,4,435,
LDN0433,DrkN,280.6964,-11.4500,1.710,1,436,
LDN0435,DrkN,278.1893,-9.9620,8.400,4,437,97
LDN0436,DrkN,273.6769,-7.4005,0.006,6,438,
LDN0437,DrkN,275.0547,-7.9771,0.163,5,439,
LDN0438,DrkN,273.5507,-7.1511,0.008,6,440,
LDN0439,DrkN,269.9151,-5.0020,0.181,3,441,
LDN0440,DrkN,274.9273,-7.4777,0.014,4,442,
LDN0441,DrkN,270.9168,-5.3305,2.560,2,443,
LDN0442,DrkN,269.4127,-4.5045,0.014,4,444,
LDN0443,DrkN,278.1852,-9.1287,0.045,5,445,100 101
LDN0445,DrkN,279.4375,-9.6227,0.086,5,446,314
LDN0444,DrkN,270.6651,-4.9984,1.030,4,447,
LDN0446,DrkN,277.6828,-8.6311,0.140,4,448,
LDN0447,DrkN,273.9232,-6.6492,0.546,4,449,
LDN0448,DrkN,279.1859,-9.2905,0.027,4,450,
LDN0449,DrkN,282.9443,-11.1060,0.050,2,451,
LDN0450,DrkN,278.1827,-8.6287,0.048,4,452,
LDN0451,DrkN,275.4256,-7.1420,0.022,5,453,
LDN0452,DrkN,284.1964,-11.6000,1.270,3,454,
LDN0453,DrkN,276.1772,-7.4717,2.430,3,455,
LDN0454,DrkN,277.1796,-7.9668,0.140,4,456,
LDN0455,DrkN,279.4350,-9.1227,0.018,5,457,
LDN0458,DrkN,284.1956,-11.4334,1.270,3,458,
LDN0456,DrkN,283.1934,-10.9381,0.032,3,459,321
LDN0459,DrkN,280.6873,-9.6167,3.000,3,460,
LDN0460,DrkN,269.6590,-3.7533,0.006,6,461,
LDN0461,DrkN,272.4159,-5.1565,0.117,4,462,
LDN0463,DrkN,277.9295,-7.9632,1.000,3,463,
LDN0462,DrkN,271.6635,-4.6602,0.041,6,464,
LDN0464,DrkN,283.1918,-10.6048,0.034,3,465,
LDN0466,DrkN,274.9207,-6.1444,0.012,6,466,
LDN0467,DrkN,274.7449,-5.9786,0.006,5,467,
LDN0468,DrkN,270.1578,-3.5008,0.016,5,468,
LDN0469,DrkN,273.3656,-5.1019,0.003,5,469,
LDN0470,DrkN,274.6687,-5.7290,0.007,6,470,
LDN0471,DrkN,274.9191,-5.8111,0.056,4,471,
LDN0472,DrkN,273.5401,-4.9844,0.032,4,472,
LDN0473,DrkN,279.4293,-7.9560,0.224,3,473,
LDN0474,DrkN,282.9373,-9.6893,1.760,1,474,
LDN0475,DrkN,274.7925,-5.4784,0.029,4,475,
LDN0476,DrkN,274.6671,-5.3956,0.004,3,476,
LDN0477,DrkN,274.7921,-5.3950,0.006,3,477,
LDN0478,DrkN,273.1626,-4.4862,0.104,4,478,
LDN0479,DrkN,274.7908,-5.1450,0.003,5,479,
LDN0480,DrkN,281.1815,-8.4476,0.440,1,480,
LDN0481,DrkN,276.4198,-5.9705,7.260,2,481,
LDN0482,DrkN,274.7907,-5.1117,0.014,5,482,
LDN0483,DrkN,274.4142,-4.8135,0.038,6,483,
LDN0484,DrkN,279.9268,-7.4536,1.870,2,484,
LDN0485,DrkN,279.1745,-6.9572,0.665,4,485,
LDN0486,DrkN,271.6554,-2.9935,1.530,3,486,
LDN0487,DrkN,274.2118,-4.3145,0.004,4,487,
LDN0488,DrkN,274.1614,-4.2314,0.004,4,488,
LDN0489,DrkN,277.1681,-5.6335,0.238,3,489,
LDN0491,DrkN,276.9173,-5.4681,0.262,3,490,
LDN0490,DrkN,273.7844,-3.8166,0.002,6,491,
LDN0492,DrkN,273.9094,-3.8159,0.008,6,492,
LDN0493,DrkN,273.1570,-3.3196,0.081,4,493,
LDN0494,DrkN,279.2470,-6.4569,0.011,4,494,
LDN0495,DrkN,279.7229,-6.6546,0.002,6,495,
LDN0496,DrkN,281.9282,-7.7774,1.240,2,496,109
LDN0497,DrkN,279.7978,-6.6209,0.027,6,497,103
LDN0498,DrkN,279.9979,-6.6533,0.004,5,498,
LDN0499,DrkN,280.1719,-6.4524,0.050,4,499,
LDN0500,DrkN,274.1569,-3.3147,0.004,5,500,
LDN0501,DrkN,274.4069,-3.3135,0.022,5,501,
LDN0502,DrkN,271.8748,-1.8591,0.005,6,502,
LDN0503,DrkN,277.2883,-4.6329,0.008,6,503,
LDN0504,DrkN,274.6561,-3.1457,0.002,5,504,
LDN0506,DrkN,281.9237,-6.8608,0.001,4,505,105
LDN0507,DrkN,273.7535,-2.6167,0.016,5,506,
LDN0505,DrkN,274.9065,-3.2278,0.007,5,507,
LDN0508,DrkN,272.3989,-1.6566,0.036,3,508,
LDN0509,DrkN,283.4257,-7.3036,0.003,6,509,118 117
LDN0510,DrkN,273.6517,-2.2338,0.050,5,510,
LDN0511,DrkN,276.4085,-3.6372,0.812,3,511,
LDN0512,DrkN,283.2998,-7.1042,0.066,3,512,116
LDN0513,DrkN,272.6484,-1.5554,0.127,6,513,
LDN0514,DrkN,283.2240,-6.9379,0.005,5,514,114
LDN0515,DrkN,279.4147,-4.9561,8.440,3,515,
LDN0516,DrkN,282.8474,-6.6064,0.027,4,516,
LDN0517,DrkN,281.2928,-5.6137,0.265,1,517,
LDN0518,DrkN,283.2973,-6.6042,0.003,5,518,115
LDN0519,DrkN,273.1464,-1.1529,0.138,4,519,
LDN0520,DrkN,275.4020,-2.3087,0.097,5,520,
LDN0521,DrkN,283.1190,-5.9051,0.014,5,521,
LDN0522,DrkN,282.9184,-5.7727,0.176,4,522,320
LDN0523,DrkN,282.2919,-5.4423,0.061,4,523,
LDN0524,DrkN,281.4146,-4.9465,0.590,1,524,
LDN0525,DrkN,279.6599,-3.9549,2.160,2,525,
LDN0526,DrkN,276.6520,-2.3027,0.905,3,526,
LDN0527,DrkN,281.6137,-4.7789,0.005,4,527,
LDN0528,DrkN,281.7887,-4.7780,0.267,3,528,
LDN0529,DrkN,281.4122,-4.4465,0.258,2,529,
LDN0530,DrkN,282.4137,-4.7751,0.124,6,530,107 106 110
LDN0531,DrkN,286.5230,-6.8391,0.005,6,531,133
LDN0532,DrkN,281.7867,-4.3614,0.016,5,532,104
LDN0533,DrkN,275.8972,-1.3063,0.022,4,533,
LDN0534,DrkN,283.1644,-4.9382,3.185,3,534,111 108 119A117A323 325
LDN0535,DrkN,279.2798,-2.8900,0.029,1,535,
LDN0536,DrkN,278.6531,-2.5430,0.253,3,536,
LDN0538,DrkN,279.1543,-2.7906,0.133,4,537,
LDN0537,DrkN,275.6456,-0.9742,0.534,1,538,
LDN0539,DrkN,275.9960,-1.0725,0.022,6,539,
LDN0540,DrkN,286.5211,-6.4224,0.113,3,540,
LDN0541,DrkN,279.0777,-2.4576,0.043,4,541,
LDN0542,DrkN,285.4173,-5.5942,0.075,3,542,130
LDN0543,DrkN,286.6699,-6.1717,0.007,6,543,134
LDN0544,DrkN,285.3915,-5.4277,0.007,5,544,127
LDN0545,DrkN,284.1885,-4.7667,0.006,5,545,122
LDN0546,DrkN,284.3885,-4.7657,0.007,4,546,
LDN0547,DrkN,282.6593,-3.8572,2.300,4,547,
LDN0548,DrkN,282.4085,-3.6917,1.000,5,548,113
LDN0549,DrkN,285.5407,-5.2603,0.006,5,549,129
LDN0550,DrkN,286.9179,-5.7539,3.110,1,550,
LDN0551,DrkN,284.4619,-4.4320,0.002,5,551,123
LDN0552,DrkN,286.0906,-5.2577,0.032,3,552,327
LDN0553,DrkN,285.7899,-5.0925,0.020,3,553,
LDN0554,DrkN,287.0175,-5.6701,0.029,3,554,
LDN0555,DrkN,280.3768,-2.2847,0.008,4,555,316
LDN0556,DrkN,284.7872,-4.5138,0.130,4,556,126
LDN0557,DrkN,279.6495,-1.7882,0.181,6,557,
LDN0558,DrkN,279.3987,-1.6228,0.432,3,558,
LDN0559,DrkN,278.1455,-0.9621,17.000,4,559,
LDN0560,DrkN,280.4002,-1.9513,0.043,3,560,
LDN0561,DrkN,284.4095,-3.9323,1.550,2,561,121 120 119
LDN0562,DrkN,285.6621,-4.5097,0.020,5,562,131
LDN0563,DrkN,279.8983,-1.5370,2.500,1,563,
LDN0565,DrkN,283.9076,-3.5180,1.370,2,564,
LDN0564,DrkN,279.3967,-1.2061,0.208,5,565,
LDN0566,DrkN,282.6541,-2.7739,0.050,5,566,
LDN0567,DrkN,286.0369,-4.4746,0.024,6,567,132 328
LDN0568,DrkN,284.8587,-3.7635,0.010,3,568,324
LDN0569,DrkN,274.6335,1.5210,31.000,2,569,
LDN0570,DrkN,276.6431,-0.4693,0.066,6,570,
LDN0572,DrkN,277.6407,0.0355,14.000,4,571,
LDN0571,DrkN,277.6407,0.0355,0.142,3,572,
LDN0573,DrkN,277.1427,-0.3836,0.026,3,573,
LDN0574,DrkN,286.7866,-4.4211,0.061,4,574,
LDN0575,DrkN,277.0189,-0.6342,0.078,3,575,
LDN0576,DrkN,277.8677,-0.3801,0.005,5,576,
LDN0577,DrkN,286.4093,-3.9229,0.784,3,577,
LDN0578,DrkN,277.7933,-0.4971,0.008,5,578,
LDN0579,DrkN,283.9025,-2.4347,1.710,3,579,
LDN0580,DrkN,287.1600,-4.0861,0.041,4,580,
LDN0581,DrkN,286.8593,-3.9208,0.072,6,581,136 135
LDN0582,DrkN,283.1501,-1.9382,0.283,5,582,
LDN0583,DrkN,278.3879,0.6224,0.084,5,583,
LDN0584,DrkN,284.1517,-2.2668,0.077,4,584,
LDN0585,DrkN,275.8811,2.0270,1.320,1,585,
LDN0586,DrkN,279.7657,0.0457,0.034,3,586,
LDN0587,DrkN,279.8907,0.0463,0.093,5,587,
LDN0588,DrkN,279.0181,-0.4579,0.034,6,588,
LDN0589,DrkN,283.1478,-1.4382,1.680,2,589,
LDN0590,DrkN,286.6550,-3.0051,10.000,2,590,326
LDN0591,DrkN,279.1447,-0.7906,0.330,3,591,
LDN0592,DrkN,277.1311,2.0330,0.011,4,592,
LDN0593,DrkN,279.8939,-0.6204,0.462,3,593,
LDN0594,DrkN,285.1492,-1.7621,0.005,3,594,
LDN0595,DrkN,296.4234,-7.3776,0.052,3,595,
LDN0596,DrkN,282.0399,0.2232,0.061,4,596,
LDN0597,DrkN,282.6906,0.0763,0.018,5,597,
LDN0598,DrkN,281.6875,0.7215,0.001,5,598,
LDN0599,DrkN,282.8903,0.1439,0.022,4,599,
LDN0601,DrkN,281.6871,0.8049,0.001,5,600,
LDN0600,DrkN,277.6270,2.8688,0.029,4,601,
LDN0602,DrkN,282.8913,-0.0727,0.003,4,602,
LDN0603,DrkN,281.5867,0.8877,0.004,6,603,
LDN0604,DrkN,282.8899,0.2273,0.152,5,604,
LDN0605,DrkN,281.6867,0.8882,0.002,5,605,
LDN0606,DrkN,282.8918,-0.1894,0.002,4,606,
LDN0607,DrkN,282.0192,-0.6936,0.147,2,607,
LDN0608,DrkN,282.8930,-0.4394,0.004,4,608,
LDN0609,DrkN,282.8934,-0.5227,0.003,4,609,
LDN0610,DrkN,282.3950,-0.8584,0.129,2,610,
LDN0611,DrkN,283.9172,-0.2679,0.015,5,611,
LDN0612,DrkN,283.9930,-0.4342,0.003,4,612,
LDN0614,DrkN,284.1926,-0.3499,0.032,4,613,
LDN0613,DrkN,284.1926,-0.3499,0.007,5,614,
LDN0615,DrkN,289.9005,-2.0734,1.350,3,615,
LDN0616,DrkN,281.8811,2.0558,2.390,2,616,
LDN0618,DrkN,288.8967,-1.2447,0.018,3,617,137
LDN0617,DrkN,284.3859,1.0677,0.745,5,618,
LDN0619,DrkN,289.5227,-1.4585,0.016,5,619,139
LDN0620,DrkN,290.1463,-1.1556,0.018,3,620,
LDN0621,DrkN,281.8756,3.2225,45.000,3,621,
LDN0622,DrkN,287.8925,-0.3326,0.297,3,622,
LDN0623,DrkN,298.6619,-4.8679,3.190,3,623,
LDN0624,DrkN,286.3836,1.5770,0.486,1,624,
LDN0625,DrkN,286.6336,1.5782,0.002,3,625,
LDN0626,DrkN,286.6332,1.6615,0.003,3,626,
LDN0627,DrkN,288.5121,0.8369,2.990,2,627,138
LDN0628,DrkN,284.6248,3.4355,2.000,4,628,
LDN0629,DrkN,289.3860,1.0909,0.392,3,629,
LDN0630,DrkN,279.7368,6.0456,0.301,1,630,
LDN0631,DrkN,288.1290,2.5852,0.020,2,631,329
LDN0632,DrkN,290.1337,1.5944,0.765,1,632,141
LDN0633,DrkN,280.2320,7.0480,0.075,2,633,
LDN0634,DrkN,280.3546,7.5486,0.059,2,634,
LDN0635,DrkN,287.3718,4.1317,0.001,5,635,
LDN0636,DrkN,286.6192,4.6615,0.220,5,636,
LDN0637,DrkN,280.3513,8.2153,0.030,3,637,
LDN0638,DrkN,282.6061,7.3093,20.000,2,638,
LDN0639,DrkN,288.1174,5.0851,1.370,2,639,
LDN0640,DrkN,290.6223,4.0966,1.620,1,640,
LDN0641,DrkN,289.1175,5.0897,0.380,1,641,
LDN0642,DrkN,289.8676,5.0932,0.554,3,642,140
LDN0643,DrkN,291.0190,4.8318,0.015,5,643,
LDN0644,DrkN,289.8607,6.5932,2.340,2,644,
LDN0645,DrkN,289.8572,7.3432,5.000,1,645,
LDN0646,DrkN,288.6034,8.0874,2.520,2,646,
LDN0647,DrkN,289.9815,7.5104,0.206,4,647,330
LDN0648,DrkN,279.8290,12.7128,0.011,6,648,
LDN0649,DrkN,288.1006,8.6684,23.000,2,649,
LDN0650,DrkN,279.9523,13.0467,0.050,4,650,
LDN0651,DrkN,289.8537,8.0932,0.025,4,651,
LDN0652,DrkN,289.6021,8.4253,0.217,2,652,
LDN0653,DrkN,280.5774,13.0497,0.643,2,653,
LDN0654,DrkN,292.3589,7.1045,4.560,1,654,331 332
LDN0655,DrkN,290.0767,8.5442,0.020,5,655,
LDN0656,DrkN,290.3271,8.4620,0.001,5,656,
LDN0657,DrkN,290.3501,8.8954,0.075,5,657,
LDN0658,DrkN,290.2241,9.0949,0.016,4,658,
LDN0659,DrkN,280.3223,14.0485,1.460,3,659,
LDN0660,DrkN,279.3196,14.5437,2.280,1,660,
LDN0661,DrkN,290.4492,9.0959,0.008,4,661,
LDN0662,DrkN,284.3316,12.4009,0.416,1,662,
LDN0663,DrkN,294.2323,7.5629,0.005,6,663,335
LDN0664,DrkN,290.2210,9.7615,0.183,4,664,
LDN0665,DrkN,279.9430,14.8800,0.077,3,665,
LDN0666,DrkN,280.1922,15.0479,0.131,4,666,
LDN0667,DrkN,286.3337,12.0769,2.630,3,667,
LDN0668,DrkN,295.8586,7.3701,0.037,3,668,338
LDN0669,DrkN,285.5799,12.8234,1.280,4,669,128
LDN0670,DrkN,295.6074,7.6190,0.168,2,670,
LDN0671,DrkN,294.3533,8.4468,0.102,2,671,
LDN0672,DrkN,296.8599,7.1244,0.687,1,672,
LDN0673,DrkN,290.2139,11.2615,0.199,6,673,
LDN0674,DrkN,292.0934,10.4367,0.458,1,674,
LDN0675,DrkN,290.9899,11.0984,0.003,6,675,
LDN0676,DrkN,290.3878,11.5123,0.006,6,676,
LDN0677,DrkN,290.5876,11.5632,0.006,6,677,
LDN0679,DrkN,288.3311,12.7529,0.936,3,678,
LDN0678,DrkN,296.1031,8.6212,0.050,4,679,
LDN0680,DrkN,296.1780,8.6381,0.007,5,680,
LDN0681,DrkN,296.1023,8.7878,0.066,2,681,339
LDN0683,DrkN,290.3358,11.9287,0.104,3,682,
LDN0682,DrkN,292.2161,10.9372,0.052,3,683,333
LDN0684,DrkN,290.4584,12.4293,0.185,5,684,
LDN0685,DrkN,292.4639,11.4384,0.037,2,685,
LDN0686,DrkN,290.8336,12.4310,0.009,4,686,
LDN0687,DrkN,294.6444,10.4148,0.006,5,687,
LDN0688,DrkN,294.6942,10.4816,0.016,5,688,142
LDN0689,DrkN,295.0952,10.2834,0.057,4,689,
LDN0690,DrkN,295.1700,10.3337,0.035,3,690,
LDN0691,DrkN,292.3365,11.9378,0.063,2,691,
LDN0692,DrkN,290.5811,12.9299,0.050,4,692,
LDN0693,DrkN,287.5723,14.4994,17.000,2,693,
LDN0694,DrkN,295.1672,10.9504,0.109,6,694,143
LDN0695,DrkN,296.0948,10.4545,0.351,1,695,
LDN0696,DrkN,292.3334,12.6045,0.019,2,696,
LDN0697,DrkN,285.5636,16.0734,0.561,2,697,
LDN0698,DrkN,291.5307,13.1008,0.012,6,698,
LDN0699,DrkN,292.3326,12.7711,0.020,2,699,
LDN0700,DrkN,295.3159,11.2511,0.005,4,700,
LDN0701,DrkN,293.7355,12.2774,0.016,4,701,334
LDN0702,DrkN,294.1106,12.2791,0.005,5,702,336
LDN0703,DrkN,296.8934,10.8413,0.020,2,703,
LDN0704,DrkN,291.7025,13.7683,0.097,6,704,
LDN0705,DrkN,294.2099,12.4462,0.086,4,705,337
LDN0706,DrkN,275.0302,21.7565,0.008,4,706,
LDN0707,DrkN,297.1657,11.4591,0.024,5,707,340
LDN0708,DrkN,285.5559,17.5733,0.020,3,708,
LDN0709,DrkN,288.5631,16.4207,0.002,6,709,
LDN0710,DrkN,285.5534,18.0733,0.045,3,710,
LDN0711,DrkN,285.5534,18.0733,6.000,1,711,
LDN0712,DrkN,284.8005,18.5698,0.865,2,712,
LDN0713,DrkN,288.0595,17.0850,4.000,3,713,
LDN0714,DrkN,288.0553,17.9183,0.009,4,714,
LDN0715,DrkN,286.2985,19.0768,0.115,3,715,
LDN0716,DrkN,290.8109,17.0976,14.000,4,716,
LDN0717,DrkN,289.0554,18.0063,0.147,5,717,
LDN0718,DrkN,288.0519,18.5850,0.524,4,718,
LDN0719,DrkN,285.7948,19.7412,0.088,2,719,
LDN0720,DrkN,294.3208,15.4467,7.000,2,720,
LDN0721,DrkN,292.8140,16.6900,19.000,3,721,
LDN0722,DrkN,291.0543,18.4321,0.023,5,722,
LDN0723,DrkN,289.5494,19.2252,0.010,5,723,
LDN0724,DrkN,288.0441,20.0850,6.000,2,724,
LDN0725,DrkN,292.0562,18.1699,0.005,5,725,
LDN0726,DrkN,296.5697,15.9566,0.030,1,726,
LDN0727,DrkN,292.8062,18.2733,0.018,4,727,
LDN0728,DrkN,287.2884,21.0815,1.000,1,728,
LDN0729,DrkN,295.0875,17.2834,0.023,5,729,
LDN0730,DrkN,290.0461,19.9275,0.023,5,730,
LDN0731,DrkN,294.5605,17.6145,0.270,4,731,
LDN0732,DrkN,289.9197,20.1769,0.018,5,732,
LDN0733,DrkN,296.0639,17.1211,0.398,2,733,
LDN0734,DrkN,287.0329,22.0803,0.660,2,734,
LDN0735,DrkN,290.5438,20.4298,0.019,5,735,
LDN0736,DrkN,288.5365,21.5873,0.660,2,736,
LDN0737,DrkN,295.0576,18.2833,0.077,4,737,
LDN0738,DrkN,290.2910,20.9286,0.062,2,738,
LDN0739,DrkN,291.0432,20.5987,0.384,3,739,
LDN0740,DrkN,292.0465,20.1032,3.800,2,740,
LDN0741,DrkN,290.2902,21.0953,7.000,4,741,
LDN0742,DrkN,293.2998,19.6089,0.047,4,742,
LDN0743,DrkN,294.6040,18.9480,0.014,4,743,
LDN0744,DrkN,289.8631,21.4267,0.027,4,744,
LDN0745,DrkN,297.0614,17.7921,0.490,2,745,
LDN0746,DrkN,290.5393,21.2964,0.035,4,746,
LDN0747,DrkN,295.3049,18.8678,0.017,4,747,
LDN0748,DrkN,291.2908,21.0998,0.570,2,748,
LDN0749,DrkN,288.7821,22.4217,0.295,3,749,
LDN0750,DrkN,289.5344,22.0918,8.000,2,750,
LDN0751,DrkN,290.2617,21.7452,0.003,4,751,
LDN0752,DrkN,294.7262,19.5319,0.012,4,752,
LDN0753,DrkN,297.0590,18.2921,0.005,5,753,
LDN0754,DrkN,296.8068,18.7077,0.008,4,754,
LDN0755,DrkN,291.7894,21.4354,0.167,3,755,
LDN0756,DrkN,291.9145,21.4360,0.007,4,756,
LDN0758,DrkN,296.6805,18.9571,0.029,5,757,
LDN0757,DrkN,295.5516,19.5688,0.033,4,758,
LDN0759,DrkN,287.5222,24.0826,0.358,1,759,
LDN0760,DrkN,292.5378,21.8555,0.010,3,760,
LDN0761,DrkN,294.0427,21.1122,0.116,5,761,
LDN0762,DrkN,289.9789,23.1772,0.010,4,762,
LDN0763,DrkN,289.6523,23.4257,0.008,6,763,
LDN0764,DrkN,289.7774,23.4263,0.079,3,764,
LDN0765,DrkN,296.0484,20.2877,0.040,4,765,
LDN0766,DrkN,297.3027,19.6265,1.040,2,766,
LDN0767,DrkN,291.2820,22.7665,0.201,3,767,
LDN0769,DrkN,291.0301,23.0987,0.016,6,768,
LDN0768,DrkN,292.0335,22.6032,0.111,4,769,
LDN0770,DrkN,293.0368,22.1077,0.344,2,770,
LDN0771,DrkN,290.1771,23.5281,0.005,6,771,
LDN0772,DrkN,291.2802,23.0998,0.068,4,772,
LDN0773,DrkN,290.6280,23.4302,0.004,4,773,
LDN0774,DrkN,290.7280,23.4306,0.002,5,774,
LDN0775,DrkN,290.9032,23.4314,0.025,4,775,
LDN0776,DrkN,293.7874,22.1111,0.529,2,776,
LDN0777,DrkN,288.0170,25.0849,0.226,1,777,
LDN0778,DrkN,291.7775,23.6854,0.043,6,778,
LDN0779,DrkN,292.5298,23.3555,0.140,3,779,
LDN0780,DrkN,288.5154,25.4205,0.127,2,780,
LDN0781,DrkN,292.0272,23.7699,0.047,3,781,
LDN0782,DrkN,292.0263,23.9365,0.010,5,782,
LDN0783,DrkN,291.7752,24.1021,0.050,3,783,
LDN0784,DrkN,292.2756,24.1043,0.391,2,784,
LDN0785,DrkN,293.5267,24.1099,0.007,3,785,
LDN0786,DrkN,292.8993,24.4405,0.038,3,786,
LDN0787,DrkN,298.2912,22.1308,24.000,2,787,
LDN0788,DrkN,293.3980,24.7760,0.007,3,788,
LDN0789,DrkN,297.4078,23.6270,0.014,3,789,
LDN0790,DrkN,293.7683,25.6944,0.005,4,790,
LDN0791,DrkN,297.4061,23.9603,0.095,4,791,
LDN0792,DrkN,294.2688,25.6966,0.145,4,792,
LDN0793,DrkN,294.8957,25.4494,0.066,3,793,
LDN0795,DrkN,294.2637,26.6132,0.278,1,794,
LDN0794,DrkN,294.2637,26.6132,0.278,1,795,
LDN0796,DrkN,296.0168,26.3710,0.014,4,796,
LDN0797,DrkN,301.4127,23.4773,0.013,3,797,
LDN0798,DrkN,296.7690,26.1242,2.500,3,798,
LDN0799,DrkN,295.6383,26.9526,0.026,4,799,
LDN0800,DrkN,296.0146,26.7876,0.036,4,800,
LDN0801,DrkN,300.8579,24.3083,0.041,3,801,
LDN0802,DrkN,299.9285,24.9711,0.005,4,802,
LDN0803,DrkN,295.5864,27.2858,0.019,4,803,
LDN0804,DrkN,295.7117,27.2530,0.018,4,804,
LDN0805,DrkN,300.4052,24.7564,0.005,4,805,
LDN0806,DrkN,296.0878,27.1213,0.006,4,806,
LDN0807,DrkN,295.9112,27.3705,0.025,4,807,
LDN0808,DrkN,296.2621,27.2887,0.014,4,808,
LDN0809,DrkN,301.0289,25.1424,2.200,1,809,
LDN0810,DrkN,296.2584,27.9554,0.047,4,810,
LDN0811,DrkN,295.0018,28.8665,0.253,1,811,
LDN0812,DrkN,296.2551,28.5387,0.145,3,812,
LDN0813,DrkN,295.7512,29.1198,0.224,3,813,
LDN0814,DrkN,301.0207,26.7257,0.032,3,814,
LDN0815,DrkN,296.7524,29.1242,2.320,3,815,
LDN0816,DrkN,293.9909,30.5287,0.025,1,816,
LDN0817,DrkN,295.2448,30.1176,5.000,2,817,
LDN0818,DrkN,304.2779,26.1557,10.000,1,818,
LDN0819,DrkN,296.9955,30.3753,0.118,2,819,
LDN0820,DrkN,296.2411,30.9553,0.378,3,820,
LDN0821,DrkN,294.2795,32.4467,0.007,3,821,
LDN0822,DrkN,296.7348,32.1242,2.410,1,822,
LDN0823,DrkN,302.2541,30.1475,1.440,2,823,
LDN0824,DrkN,304.0108,29.4047,0.212,4,824,
LDN0825,DrkN,297.9804,33.1296,2.050,3,825,
LDN0826,DrkN,297.2268,33.5430,0.055,3,826,
LDN0827,DrkN,304.5100,29.7067,0.055,4,827,
LDN0828,DrkN,297.7275,33.5451,0.019,3,828,
LDN0829,DrkN,298.3040,33.4476,0.011,4,829,
LDN0830,DrkN,297.9764,33.7795,0.015,3,830,
LDN0831,DrkN,298.4776,33.7150,0.012,4,831,
LDN0832,DrkN,298.7277,33.7661,0.022,4,832,
LDN0833,DrkN,298.7274,33.7994,1.500,2,833,
LDN0834,DrkN,298.4733,34.3983,0.015,4,834,
LDN0835,DrkN,298.3463,34.6811,0.014,3,835,
LDN0836,DrkN,298.3461,34.7145,0.012,4,836,
LDN0837,DrkN,305.9816,30.7792,0.008,4,837,
LDN0838,DrkN,306.0067,30.7793,0.008,4,838,
LDN0839,DrkN,299.9774,34.1381,1.400,1,839,
LDN0840,DrkN,298.5688,35.1321,0.110,3,840,
LDN0841,DrkN,302.7379,33.1495,30.000,3,841,
LDN0842,DrkN,304.9984,31.9920,0.016,4,842,
LDN0843,DrkN,305.1740,31.9260,0.007,4,843,
LDN0844,DrkN,307.6100,30.6689,0.020,3,844,
LDN0845,DrkN,301.2531,34.3601,0.200,2,845,
LDN0846,DrkN,310.5226,29.1799,3.000,1,846,
LDN0847,DrkN,300.4720,35.1402,3.000,3,847,341
LDN0848,DrkN,301.3252,34.8604,0.011,4,848,
LDN0849,DrkN,301.1484,35.1096,0.011,4,849,
LDN0850,DrkN,302.9824,34.1505,0.800,1,850,
LDN0851,DrkN,307.5797,31.6688,0.020,3,851,
LDN0852,DrkN,301.4737,35.1443,0.030,3,852,
LDN0853,DrkN,301.7236,35.2287,0.002,5,853,147
LDN0854,DrkN,299.4623,36.3859,0.108,2,854,
LDN0855,DrkN,299.6376,36.3867,0.008,3,855,
LDN0856,DrkN,302.0495,35.1800,0.015,3,856,
LDN0857,DrkN,300.4656,36.1401,0.800,1,857,144
LDN0858,DrkN,302.7773,34.9497,0.200,4,858,
LDN0860,DrkN,301.2175,36.0599,0.001,6,859,146
LDN0859,DrkN,307.8516,32.3365,0.015,4,860,
LDN0861,DrkN,300.1109,36.7720,0.005,3,861,
LDN0862,DrkN,301.7125,36.9787,0.800,1,862,
LDN0863,DrkN,301.9371,37.1129,0.005,4,863,
LDN0864,DrkN,310.5076,32.1798,5.000,3,864,
LDN0865,DrkN,301.0560,37.7760,0.075,4,865,145
LDN0866,DrkN,301.7824,37.7790,0.172,3,866,
LDN0867,DrkN,299.9725,38.7214,0.011,3,867,
LDN0868,DrkN,311.7601,32.1844,0.654,2,868,
LDN0869,DrkN,299.9422,39.4713,0.034,1,869,
LDN0870,DrkN,309.2388,35.1751,25.000,2,870,
LDN0871,DrkN,301.4429,39.8109,0.068,2,871,
LDN0872,DrkN,300.4361,40.4734,0.083,1,872,
LDN0873,DrkN,310.2410,35.1789,0.980,1,873,
LDN0874,DrkN,310.4915,35.1798,0.980,1,874,
LDN0875,DrkN,301.9428,39.9797,0.004,3,875,
LDN0876,DrkN,302.3192,39.8979,0.029,3,876,
LDN0877,DrkN,303.5719,39.9030,0.007,6,877,
LDN0878,DrkN,302.1885,40.6640,0.003,4,878,
LDN0879,DrkN,305.2045,39.3262,0.004,5,879,
LDN0880,DrkN,303.4437,40.3192,0.015,5,880,343
LDN0881,DrkN,304.4494,39.8232,0.005,6,881,
LDN0882,DrkN,304.8264,39.6580,0.002,5,882,
LDN0883,DrkN,304.9517,39.6585,0.003,5,883,
LDN0884,DrkN,301.4309,41.4776,1.230,2,884,
LDN0885,DrkN,302.3103,41.1479,0.002,4,885,342
LDN0886,DrkN,304.6989,39.9909,1.050,2,886,
LDN0887,DrkN,300.9223,42.4755,0.019,4,887,
LDN0888,DrkN,304.6943,40.6575,4.460,3,888,344
LDN0889,DrkN,306.2013,40.1635,0.800,4,889,347
LDN0890,DrkN,300.9191,42.8921,0.054,3,890,
LDN0891,DrkN,303.4318,41.9858,0.011,4,891,
LDN0892,DrkN,303.9342,41.8212,0.054,4,892,
LDN0893,DrkN,303.1794,42.2348,0.034,3,893,
LDN0894,DrkN,303.9336,41.9045,0.004,4,894,
LDN0895,DrkN,303.9281,42.6545,5.640,2,895,
LDN0896,DrkN,310.4651,39.6798,0.028,5,896,
LDN0897,DrkN,306.1874,42.1635,0.111,4,897,
LDN0898,DrkN,310.4640,39.8464,0.070,4,898,
LDN0899,DrkN,305.9331,42.6625,0.018,4,899,
LDN0900,DrkN,306.1832,42.7468,0.016,4,900,
LDN0901,DrkN,305.3768,43.3269,0.006,4,901,
LDN0902,DrkN,305.4269,43.3271,0.001,5,902,
LDN0903,DrkN,302.1547,45.0640,0.005,5,903,
LDN0904,DrkN,313.2254,39.1898,8.000,1,904,
LDN0905,DrkN,302.4033,45.3150,0.018,4,905,
LDN0906,DrkN,309.1954,42.1750,15.780,3,906,348 346 349
LDN0907,DrkN,311.3089,41.0162,0.047,3,907,
LDN0909,DrkN,304.9114,45.1585,3.840,3,908,
LDN0908,DrkN,304.9114,45.1585,0.366,3,909,
LDN0910,DrkN,304.9100,45.3251,0.011,4,910,
LDN0911,DrkN,310.1930,42.9288,0.013,4,911,
LDN0912,DrkN,316.9885,38.7027,0.800,1,912,
LDN0913,DrkN,306.0633,45.3297,0.011,4,913,
LDN0914,DrkN,312.9593,41.6888,5.210,3,914,
LDN0915,DrkN,311.3452,43.0997,0.007,6,915,
LDN0916,DrkN,314.4668,41.1941,1.440,2,916,
LDN0917,DrkN,310.0590,44.1450,0.001,6,917,
LDN0918,DrkN,310.2349,44.0956,0.004,6,918,
LDN0919,DrkN,308.1698,45.2879,0.001,5,919,
LDN0921,DrkN,308.2953,45.2717,0.002,5,920,
LDN0920,DrkN,308.1694,45.3379,0.001,5,921,
LDN0922,DrkN,309.6796,44.5936,0.005,6,922,
LDN0923,DrkN,308.6722,45.1731,0.054,3,923,
LDN0925,DrkN,308.4202,45.3388,0.002,5,924,
LDN0926,DrkN,308.8466,45.3238,0.002,5,925,
LDN0927,DrkN,315.9719,41.0993,0.025,4,926,
LDN0928,DrkN,310.2564,44.5957,0.003,6,927,
LDN0929,DrkN,308.9217,45.3407,0.002,5,928,
LDN0930,DrkN,309.2226,45.3419,0.002,5,929,
LDN0931,DrkN,311.9419,43.8519,0.013,5,930,
LDN0932,DrkN,316.4689,41.8677,0.004,4,931,
LDN0933,DrkN,313.1935,44.1897,0.132,1,932,
LDN0934,DrkN,316.7683,42.1187,0.011,4,933,
LDN0935,DrkN,314.1990,43.8599,2.250,4,934,152
LDN0936,DrkN,312.9356,45.1888,0.914,2,935,
LDN0937,DrkN,317.4685,42.4543,8.130,3,936,
LDN0938,DrkN,317.2162,42.7035,0.316,3,937,
LDN0939,DrkN,307.7701,48.1697,20.000,1,938,
LDN0940,DrkN,313.4344,45.5906,0.151,2,939,
LDN0941,DrkN,314.1853,45.8265,0.105,5,940,153
LDN0942,DrkN,319.0944,43.2096,0.006,5,941,
LDN0943,DrkN,319.1686,43.3932,0.009,3,942,
LDN0944,DrkN,319.4200,43.2940,0.002,6,943,
LDN0945,DrkN,314.4311,46.5274,0.160,2,944,
LDN0946,DrkN,319.7452,43.4617,0.001,5,945,
LDN0947,DrkN,319.9969,43.3124,0.008,5,946,
LDN0948,DrkN,320.1729,43.2463,0.001,5,947,
LDN0950,DrkN,315.1330,46.6132,0.112,5,948,356
LDN0949,DrkN,319.8451,43.5286,0.014,5,949,
LDN0951,DrkN,320.2729,43.3133,0.005,6,950,
LDN0952,DrkN,320.1215,43.4628,0.001,5,951,
LDN0953,DrkN,320.3477,43.3802,0.001,6,952,
LDN0954,DrkN,315.4298,47.1975,0.450,3,953,
LDN0955,DrkN,314.4211,47.8607,0.081,3,954,
LDN0956,DrkN,317.8976,45.9724,0.003,5,955,
LDN0957,DrkN,315.1745,47.7800,0.256,1,956,
LDN0958,DrkN,314.7454,48.1118,0.012,5,957,
LDN0959,DrkN,317.9439,46.5392,0.079,1,958,
LDN0960,DrkN,317.1364,47.1699,0.003,5,959,
LDN0961,DrkN,317.2113,47.2368,0.006,5,960,
LDN0962,DrkN,315.4210,48.3642,0.666,2,961,
LDN0963,DrkN,318.4458,46.5409,0.104,3,962,
LDN0964,DrkN,317.3860,47.3708,0.006,5,963,
LDN0965,DrkN,319.9560,45.8790,0.430,3,964,
LDN0966,DrkN,315.0393,49.0295,0.172,4,965,
LDN0967,DrkN,317.5602,47.5713,0.156,3,966,
LDN0968,DrkN,320.6357,45.5478,0.014,2,967,
LDN0969,DrkN,323.4828,43.5896,0.018,3,968,
LDN0970,DrkN,318.1891,47.3734,0.123,4,969,361
LDN0971,DrkN,315.2127,49.3135,0.010,5,970,
LDN0972,DrkN,320.3308,46.1302,0.050,4,971,
LDN0973,DrkN,324.3631,43.2255,0.029,5,972,159
LDN0974,DrkN,319.8256,46.6286,0.192,4,973,
LDN0975,DrkN,317.9345,47.8726,0.075,5,974,
LDN0976,DrkN,321.0342,46.0157,0.000,2,975,
LDN0977,DrkN,324.7394,43.2266,0.034,4,976,
LDN0978,DrkN,315.2849,49.6971,0.200,5,977,
LDN0979,DrkN,324.8642,43.3602,0.002,5,978,
LDN0980,DrkN,321.2086,46.2162,0.000,1,979,
LDN0981,DrkN,314.9042,50.1958,0.033,6,980,
LDN0982,DrkN,315.6094,49.9148,0.019,5,981,
LDN0983,DrkN,323.0981,45.0552,0.068,3,982,156 155
LDN0984,DrkN,315.4063,50.1975,0.056,4,983,
LDN0985,DrkN,314.7755,50.5787,0.033,4,984,
LDN0986,DrkN,323.0971,45.2219,0.079,2,985,
LDN0987,DrkN,315.2014,50.6801,0.009,5,986,
LDN0988,DrkN,316.1594,50.2000,0.210,1,987,
LDN0989,DrkN,320.4469,47.5472,1.400,3,988,
LDN0990,DrkN,314.7192,51.2785,0.051,5,989,
LDN0991,DrkN,315.5762,50.8814,0.016,5,990,
LDN0992,DrkN,313.6328,52.0247,0.080,3,991,
LDN0993,DrkN,321.6527,47.4176,0.001,4,992,
LDN0996,DrkN,314.3868,51.9440,0.080,5,993,
LDN0995,DrkN,321.6771,47.5176,0.001,4,994,
LDN0994,DrkN,321.5005,47.6504,0.009,3,995,
LDN0998,DrkN,316.0254,51.1996,0.172,4,996,
LDN0999,DrkN,316.9084,50.7025,7.200,1,997,
LDN0997,DrkN,321.6509,47.6842,0.001,5,998,
LDN1000,DrkN,316.6560,50.8684,0.255,1,999,
LDN1001,DrkN,321.8266,47.6848,0.001,5,1000,
LDN1002,DrkN,314.1287,52.6931,1.970,2,1001,
LDN1003,DrkN,314.8851,52.3624,0.079,5,1002,
LDN1004,DrkN,315.3874,52.3641,0.174,4,1003,
LDN1006,DrkN,322.8301,47.8044,0.039,3,1004,
LDN1005,DrkN,318.4150,50.7075,7.000,3,1005,
LDN1007,DrkN,321.3163,48.8832,0.153,3,1006,363
LDN1008,DrkN,321.6918,49.0510,0.013,5,1007,
LDN1009,DrkN,323.4572,47.8896,0.061,4,1008,
LDN1010,DrkN,324.7177,47.0599,0.182,4,1009,
LDN1011,DrkN,316.6430,52.3684,0.078,4,1010,
LDN1012,DrkN,323.5311,48.1065,0.021,4,1011,
LDN1013,DrkN,315.1268,53.3632,0.048,5,1012,
LDN1014,DrkN,321.0069,49.9990,0.004,6,1013,
LDN1015,DrkN,315.1252,53.5299,0.049,5,1014,
LDN1016,DrkN,319.9444,51.0124,0.003,5,1015,
LDN1017,DrkN,321.3321,50.1666,0.027,5,1016,362
LDN1018,DrkN,316.1322,53.2833,0.016,5,1017,
LDN1019,DrkN,320.2463,50.9466,0.003,5,1018,
LDN1020,DrkN,325.7210,47.2293,0.136,3,1019,
LDN1021,DrkN,320.3963,51.0304,0.001,6,1020,
LDN1022,DrkN,317.3919,52.8708,0.382,4,1021,
LDN1023,DrkN,314.6146,54.3615,0.280,2,1022,
LDN1024,DrkN,325.5685,47.5289,0.011,5,1023,
LDN1026,DrkN,315.3715,54.0308,0.048,5,1024,
LDN1027,DrkN,316.6338,53.3683,0.026,5,1025,
LDN1028,DrkN,316.3811,53.5342,0.055,4,1026,
LDN1029,DrkN,315.3698,54.1974,10.000,3,1027,
LDN1032,DrkN,315.8730,54.1158,0.043,4,1028,
LDN1030,DrkN,326.6257,47.0984,0.031,4,1029,
LDN1031,DrkN,326.4742,47.2314,0.020,5,1030,
LDN1033,DrkN,309.3074,57.1757,0.714,3,1031,
LDN1034,DrkN,316.3763,54.0342,0.045,4,1032,
LDN1036,DrkN,309.5585,57.1767,0.088,5,1033,
LDN1037,DrkN,313.5984,55.4413,0.591,3,1034,
LDN1038,DrkN,311.5783,56.3508,0.660,2,1035,
LDN1035,DrkN,326.1700,47.7305,0.109,5,1036,
LDN1039,DrkN,310.5675,56.8471,0.079,4,1037,
LDN1041,DrkN,309.5543,57.5100,0.022,5,1038,
LDN1040,DrkN,326.6471,47.7318,0.016,4,1039,
LDN1044,DrkN,310.3100,57.3461,0.006,5,1040,
LDN1043,DrkN,324.9552,49.2272,1.148,2,1041,
LDN1042,DrkN,327.3019,47.4002,0.015,5,1042,
LDN1045,DrkN,327.0996,47.6497,0.018,4,1043,
LDN1046,DrkN,325.8374,48.7296,0.088,3,1044,
LDN1047,DrkN,327.0229,47.8662,0.005,5,1045,
LDN1048,DrkN,323.8173,50.3406,0.069,3,1046,
LDN1049,DrkN,310.5591,57.5137,0.005,6,1047,
LDN1050,DrkN,316.3680,54.8675,0.090,4,1048,
LDN1051,DrkN,310.6847,57.5142,0.010,5,1049,
LDN1053,DrkN,314.8518,55.6957,0.033,5,1050,357
LDN1052,DrkN,326.9711,48.1327,0.018,5,1051,
LDN1054,DrkN,323.6890,50.7236,6.000,2,1052,
LDN1055,DrkN,328.3074,47.2028,0.199,3,1053,168
LDN1056,DrkN,314.5969,56.0281,0.036,2,1054,
LDN1057,DrkN,325.9576,49.5633,0.053,4,1055,
LDN1058,DrkN,315.6020,56.0316,0.869,3,1056,
LDN1059,DrkN,325.1962,50.7279,0.059,3,1057,
LDN1060,DrkN,317.8714,55.2891,0.031,4,1058,
LDN1061,DrkN,314.5816,57.3614,0.618,2,1059,354
LDN1062,DrkN,318.3715,55.5407,0.003,5,1060,
LDN1063,DrkN,316.8548,56.3691,0.025,5,1061,360
LDN1064,DrkN,318.3706,55.6241,0.001,5,1062,
LDN1065,DrkN,316.8530,56.5358,0.023,5,1063,151
LDN1067,DrkN,317.3539,56.7041,0.012,5,1064,
LDN1066,DrkN,326.9548,50.7327,0.208,3,1065,
LDN1068,DrkN,316.5701,57.1182,0.027,5,1066,359
LDN1069,DrkN,317.1007,56.8699,0.018,4,1067,
LDN1070,DrkN,326.7013,51.0653,0.050,5,1068,164
LDN1071,DrkN,314.5714,58.1947,0.092,5,1069,
LDN1072,DrkN,319.1187,56.2098,1.510,2,1070,
LDN1073,DrkN,327.0759,51.3997,0.162,2,1071,
LDN1074,DrkN,323.6646,53.8902,0.027,5,1072,364
LDN1075,DrkN,322.9063,54.3880,0.145,4,1073,157
LDN1076,DrkN,312.3371,59.8536,0.008,5,1074,149 148
LDN1077,DrkN,324.4199,53.7257,0.002,5,1075,
LDN1078,DrkN,324.1659,54.0584,0.018,5,1076,
LDN1079,DrkN,323.1548,54.7221,0.011,5,1077,
LDN1080,DrkN,320.3722,56.5471,0.001,5,1078,154
LDN1081,DrkN,324.1631,54.3917,0.584,2,1079,
LDN1082,DrkN,312.7849,60.1885,0.111,5,1080,150
LDN1083,DrkN,323.3949,55.9728,0.761,3,1081,
LDN1084,DrkN,325.4158,54.8952,0.099,4,1082,
LDN1085,DrkN,323.3875,56.7561,0.010,4,1083,
LDN1086,DrkN,322.1220,57.5524,0.095,4,1084,
LDN1087,DrkN,323.8924,56.5576,0.013,5,1085,
LDN1089,DrkN,308.2031,63.5051,0.244,3,1086,
LDN1088,DrkN,324.6499,56.2264,0.019,4,1087,160
LDN1090,DrkN,323.8908,56.7243,0.028,4,1088,365
LDN1091,DrkN,330.2074,52.9076,0.124,2,1089,
LDN1092,DrkN,324.3914,56.9757,0.014,3,1090,
LDN1094,DrkN,308.1934,64.0050,0.002,5,1091,
LDN1093,DrkN,323.3788,57.6395,0.034,4,1092,
LDN1095,DrkN,325.6551,56.3125,0.012,4,1093,162
LDN1096,DrkN,322.8714,58.0547,0.001,3,1094,
LDN1097,DrkN,326.6661,55.7319,0.003,4,1095,
LDN1098,DrkN,323.6303,57.6402,0.025,3,1096,
LDN1100,DrkN,308.6964,64.0069,0.007,5,1097,
LDN1099,DrkN,324.1358,57.3916,0.008,5,1098,
LDN1101,DrkN,324.8944,56.9771,0.095,3,1099,
LDN1102,DrkN,323.1229,58.0554,0.008,5,1100,
LDN1103,DrkN,325.4249,56.7286,0.003,6,1101,161
LDN1104,DrkN,325.5255,56.7289,0.006,4,1102,
LDN1105,DrkN,324.2851,57.5587,0.008,4,1103,
LDN1106,DrkN,325.6498,56.8959,0.009,4,1104,163
LDN1107,DrkN,329.1906,54.4885,11.000,1,1105,
LDN1108,DrkN,321.5969,59.5509,0.046,3,1106,
LDN1109,DrkN,327.9228,55.8186,0.150,2,1107,
LDN1111,DrkN,324.8856,57.8938,0.002,6,1108,
LDN1110,DrkN,324.8856,57.8938,0.007,4,1109,
LDN1112,DrkN,324.6323,58.0597,0.013,4,1110,
LDN1113,DrkN,326.1501,57.1972,0.002,5,1111,367
LDN1114,DrkN,327.4149,56.4006,0.016,4,1112,
LDN-SEQ-1113,DrkN,325.3903,57.7285,0.000,,1113,
LDN1115,DrkN,326.6552,56.9819,0.002,5,1114,
LDN1116,DrkN,324.1240,58.5583,0.034,3,1115,
LDN1117,DrkN,324.6298,58.3097,0.004,5,1116,
LDN1118,DrkN,326.6531,57.2153,0.001,5,1117,
LDN1119,DrkN,318.2973,61.7073,0.010,5,1118,
LDN1120,DrkN,326.9052,57.1493,0.001,5,1119,
LDN1121,DrkN,325.1333,58.2778,0.008,5,1120,
LDN1122,DrkN,308.1656,65.3383,0.041,4,1121,
LDN1123,DrkN,324.8797,58.4771,0.003,5,1122,
LDN1124,DrkN,325.3854,58.2285,0.015,5,1123,
LDN1125,DrkN,318.6749,61.7085,0.010,5,1124,
LDN1126,DrkN,324.8788,58.5604,0.006,5,1125,
LDN1127,DrkN,325.2311,58.5614,0.004,5,1126,
LDN1128,DrkN,325.3821,58.5618,0.015,5,1127,
LDN1129,DrkN,326.6467,57.8986,0.041,3,1128,
LDN1130,DrkN,326.1394,58.3139,0.012,4,1129,
LDN1131,DrkN,324.9941,59.5608,0.046,3,1130,366
LDN1132,DrkN,326.6386,58.7319,0.003,4,1131,
LDN1133,DrkN,330.6865,56.2421,0.248,3,1132,
LDN1134,DrkN,325.3643,60.2285,2.630,1,1133,
LDN1135,DrkN,324.8560,60.6437,0.054,3,1134,
LDN1136,DrkN,326.3740,59.9812,0.012,5,1135,
LDN1138,DrkN,327.8937,59.0685,0.018,4,1136,
LDN1137,DrkN,327.8937,59.0685,0.018,5,1137,368
LDN1139,DrkN,328.9053,58.5711,0.015,5,1138,
LDN1140,DrkN,325.1049,60.8944,0.240,2,1139,
LDN1141,DrkN,328.9038,58.7378,0.010,4,1140,
LDN1142,DrkN,329.1523,59.0717,0.002,5,1141,
LDN1143,DrkN,329.4049,58.9890,0.020,6,1142,
LDN1144,DrkN,327.6314,60.1179,0.027,5,1143,166 165 167
LDN1146,DrkN,322.8150,62.7212,0.183,3,1144,
LDN1145,DrkN,322.8150,62.7212,0.183,3,1145,
LDN1148,DrkN,310.1328,67.3458,0.015,6,1146,
LDN1147,DrkN,310.1328,67.3458,0.127,3,1147,
LDN1149,DrkN,329.4036,59.1224,0.015,4,1148,170
LDN1150,DrkN,333.9590,55.9995,0.007,3,1149,369
LDN1152,DrkN,308.6043,68.0068,0.025,5,1150,
LDN1151,DrkN,329.9076,59.0736,0.027,3,1151,169
LDN1153,DrkN,330.1601,58.9909,0.079,5,1152,171
LDN1155,DrkN,310.8800,67.6819,0.006,6,1153,
LDN1154,DrkN,334.2091,56.2167,0.007,3,1154,
LDN1157,DrkN,309.8637,68.0115,0.005,5,1155,
LDN1158,DrkN,311.1320,67.6828,0.111,4,1156,
LDN1156,DrkN,334.9671,55.7517,0.043,2,1157,
LDN1159,DrkN,331.6742,58.5778,2.790,1,1158,
LDN1160,DrkN,331.1671,58.9933,0.019,3,1159,
LDN1161,DrkN,334.9646,56.1350,0.006,3,1160,
LDN1162,DrkN,320.0073,65.0461,0.004,3,1161,
LDN1163,DrkN,335.2160,56.1688,0.007,2,1162,
LDN1165,DrkN,331.7958,59.0781,0.019,6,1163,
LDN1164,DrkN,331.6691,59.1611,0.019,6,1164,174
LDN1167,DrkN,315.9356,67.0330,0.062,2,1165,
LDN1168,DrkN,314.1578,67.6103,0.003,5,1166,
LDN1166,DrkN,331.4136,59.5772,0.001,6,1167,173
LDN1169,DrkN,331.7898,59.7447,0.004,5,1168,
LDN1170,DrkN,315.4182,67.6146,0.215,3,1169,
LDN1171,DrkN,313.3839,68.3242,0.002,5,1170,
LDN1172,DrkN,315.6683,67.6988,0.010,6,1171,
LDN1173,DrkN,316.1725,67.7005,0.006,5,1172,
LDN1174,DrkN,315.6563,68.1988,0.294,4,1173,
LDN1175,DrkN,333.4179,60.7484,0.015,3,1174,
LDN1176,DrkN,322.7502,66.7211,0.446,1,1175,
LDN1177,DrkN,319.6908,68.2619,0.005,4,1176,
LDN1178,DrkN,332.2685,62.3292,0.005,5,1177,
LDN1179,DrkN,336.8325,59.0387,0.002,5,1178,
LDN1181,DrkN,325.5353,66.1457,0.008,4,1179,
LDN1180,DrkN,336.7050,59.2552,7.000,1,1180,
LDN1182,DrkN,333.2809,61.9148,0.004,5,1181,
LDN1183,DrkN,325.5339,66.2290,0.090,2,1182,
LDN1184,DrkN,335.1816,60.7521,0.124,3,1183,
LDN1185,DrkN,337.3359,59.0897,0.006,6,1184,
LDN1186,DrkN,333.4047,62.1317,0.005,5,1185,
LDN1187,DrkN,339.4881,57.2602,0.145,3,1186,
LDN1188,DrkN,334.1646,61.7500,0.398,3,1187,
LDN1189,DrkN,339.7399,57.2606,0.473,2,1188,
LDN1190,DrkN,337.7133,59.1404,0.004,4,1189,
LDN1191,DrkN,333.5279,62.4153,0.004,5,1190,
LDN1192,DrkN,338.4726,58.5918,0.007,5,1191,
LDN1193,DrkN,333.6540,62.4156,0.002,5,1192,
LDN1194,DrkN,338.2174,59.0913,0.009,3,1193,
LDN1195,DrkN,336.6893,61.2551,0.017,5,1194,
LDN1196,DrkN,336.6893,61.2551,0.029,4,1195,
LDN1197,DrkN,339.4779,58.9269,0.009,6,1196,
LDN1198,DrkN,339.2227,59.4264,0.054,2,1197,
LDN1199,DrkN,323.9753,68.5581,0.235,2,1198,
LDN1200,DrkN,341.4940,58.7635,0.020,5,1199,
LDN1201,DrkN,335.9124,63.5036,0.009,3,1200,
LDN1202,DrkN,336.6730,63.0885,0.004,5,1201,
LDN1203,DrkN,336.9260,63.0056,0.016,3,1202,
LDN1204,DrkN,336.6714,63.2551,2.500,2,1203,
LDN1205,DrkN,341.4839,60.4302,0.095,2,1204,
LDN1206,DrkN,337.1645,64.4227,0.083,3,1205,
LDN1207,DrkN,337.4168,64.4232,0.047,2,1206,
LDN1208,DrkN,337.6692,64.4237,0.018,1,1207,
LDN1209,DrkN,337.4134,64.7565,0.111,1,1208,
LDN1210,DrkN,341.2205,62.0964,0.011,4,1209,
LDN1211,DrkN,341.7242,62.1805,0.011,5,1210,
LDN1213,DrkN,337.9113,65.4241,0.006,5,1211,
LDN1212,DrkN,341.9762,62.2143,0.014,3,1212,
LDN1214,DrkN,338.4127,65.7584,0.256,1,1213,
LDN1215,DrkN,342.9857,62.0991,0.021,5,1214,
LDN1216,DrkN,342.9846,62.2657,0.142,4,1215,
LDN1217,DrkN,333.2833,70.7483,0.186,3,1216,175
LDN1219,DrkN,332.8985,70.9974,0.003,5,1217,
LDN1218,DrkN,345.5068,62.2691,1.590,3,1218,
LDN1220,DrkN,346.0135,61.8530,0.006,4,1219,
LDN1221,DrkN,337.1085,69.0060,0.020,5,1220,
LDN1222,DrkN,346.2661,61.7700,0.002,4,1221,
LDN1223,DrkN,344.2325,64.2675,1.010,1,1222,
LDN1224,DrkN,346.0026,63.7697,0.016,3,1223,
LDN1225,DrkN,348.0323,61.6053,0.036,4,1224,
LDN1226,DrkN,347.5247,62.2714,0.009,4,1225,
LDN1227,DrkN,347.5244,62.3214,0.008,5,1226,
LDN1228,DrkN,314.7564,77.5297,0.086,1,1227,
LDN1229,DrkN,348.5350,61.9891,0.004,5,1228,
LDN1230,DrkN,348.5348,62.0225,0.002,5,1229,
LDN1231,DrkN,349.5468,61.2734,0.013,5,1230,
LDN1232,DrkN,349.2926,61.7732,0.004,4,1231,
LDN1233,DrkN,349.1136,62.3397,0.001,6,1232,
LDN1235,DrkN,333.7288,73.4159,0.037,6,1233,
LDN1234,DrkN,349.2899,62.4065,0.004,6,1234,
LDN1236,DrkN,343.1806,68.9327,0.044,4,1235,
LDN1237,DrkN,350.6515,62.6077,0.004,4,1236,
LDN1241,DrkN,327.5125,76.7347,1.380,1,1237,
LDN1239,DrkN,348.0844,66.0720,0.005,5,1238,
LDN1240,DrkN,347.7536,66.4383,0.126,2,1239,
LDN1238,DrkN,353.0811,59.7761,14.000,2,1240,
LDN1242,DrkN,337.7918,73.2574,0.793,3,1241,
LDN1243,DrkN,332.6555,75.3303,0.081,3,1242,
LDN1244,DrkN,351.3069,62.7749,0.007,4,1243,
LDN1245,DrkN,353.0787,60.7761,0.070,3,1244,
LDN1246,DrkN,351.3038,63.6082,0.002,6,1245,
LDN1247,DrkN,335.1997,75.2524,0.167,4,1246,
LDN1248,DrkN,353.0747,62.2761,4.260,2,1247,
LDN1249,DrkN,356.1071,58.9442,0.047,1,1248,
LDN1250,DrkN,350.5292,67.2743,2.630,1,1249,
LDN1251,DrkN,339.0132,75.2596,0.195,5,1250,
LDN1252,DrkN,356.3529,63.2776,0.181,3,1251,
LDN1253,DrkN,359.1314,58.5282,0.009,6,1252,
LDN-SEQ-1253,DrkN,359.1314,58.5282,0.000,6,1253,
LDN1254,DrkN,359.1313,58.7782,0.152,3,1254,
LDN1255,DrkN,358.3742,60.5281,0.001,5,1255,
LDN1256,DrkN,358.8787,60.0282,0.161,3,1256,
LDN1257,DrkN,359.3830,59.6616,0.029,5,1257,
LDN1258,DrkN,359.7611,59.6116,0.010,2,1258,
LDN1259,DrkN,350.7290,74.2744,0.035,2,1259,
LDN1261,DrkN,351.7460,74.2752,0.030,4,1260,
LDN1262,DrkN,351.7460,74.2752,0.066,6,1261,
LDN1260,DrkN,359.2548,64.9449,0.004,4,1262,
LDN1263,DrkN,359.3811,64.8449,0.002,5,1263,
LDN1264,DrkN,358.1142,68.2781,0.102,2,1264,
LDN1265,DrkN,2.4073,58.8614,0.003,3,1265,
LDN1266,DrkN,359.3800,67.2782,2.540,2,1266,
LDN1267,DrkN,0.1387,66.7783,0.019,3,1267,
LDN1268,DrkN,359.8857,67.4449,0.158,4,1268,
LDN1269,DrkN,0.1387,67.1616,0.025,4,1269,
LDN1270,DrkN,0.3916,67.1616,0.009,4,1270,
LDN1271,DrkN,0.3916,67.2783,0.010,5,1271,
LDN1272,DrkN,0.6445,67.2783,8.690,1,1272,
LDN1273,DrkN,0.6447,68.5283,0.199,2,1273,
LDN1274,DrkN,359.3777,70.9449,0.032,4,1274,
LDN1275,DrkN,1.6562,67.4449,0.020,5,1275,
LDN1276,DrkN,3.1688,64.0279,0.004,2,1276,
LDN1277,DrkN,3.4213,64.0279,0.007,3,1277,
LDN1278,DrkN,3.9260,63.8611,0.017,3,1278,
LDN1279,DrkN,4.4308,63.7776,0.025,4,1279,
LDN1280,DrkN,4.9336,62.6607,0.019,4,1280,
LDN1281,DrkN,4.6836,63.9441,0.006,4,1281,
LDN1282,DrkN,5.4365,61.7772,0.016,4,1282,
LDN1283,DrkN,5.6886,61.7104,0.008,3,1283,
LDN1284,DrkN,5.4393,63.1938,0.010,2,1284,
LDN1285,DrkN,6.1965,63.1935,0.013,2,1285,
LDN1286,DrkN,8.7075,58.9420,0.060,2,1286,
LDN1287,DrkN,8.9736,63.4418,0.021,4,1287,
LDN1289,DrkN,322.8442,88.3953,0.012,2,1288,
LDN1288,DrkN,9.4897,66.1081,0.342,2,1289,
LDN1292,DrkN,325.1199,88.5684,0.466,1,1290,
LDN1290,DrkN,10.4788,61.1073,0.013,5,1291,
LDN1291,DrkN,10.5579,62.0239,0.004,5,1292,
LDN1293,DrkN,10.4866,63.1073,0.011,4,1293,
LDN1294,DrkN,10.5841,62.2739,0.002,5,1294,
LDN1295,DrkN,11.2085,52.4400,0.029,5,1295,
LDN1296,DrkN,11.2094,52.7733,0.032,3,1296,
LDN1297,DrkN,10.7375,62.7737,0.061,4,1297,
LDN1298,DrkN,10.8570,61.1069,0.015,5,1298,
LDN1299,DrkN,11.2676,55.7399,0.005,5,1299,
LDN1300,DrkN,10.9844,61.4402,0.008,5,1300,
LDN1301,DrkN,10.9380,62.4569,0.002,5,1301,
LDN1302,DrkN,10.9860,61.8568,0.005,4,1302,
LDN1303,DrkN,10.7489,65.2737,0.700,2,1303,
LDN1304,DrkN,10.7759,69.7737,4.000,1,1304,
LDN1305,DrkN,15.8204,67.7683,2.680,1,1305,
LDN1306,DrkN,15.7804,62.2683,11.000,1,1306,
LDN1307,DrkN,16.3052,65.2676,2.280,3,1307,
LDN1308,DrkN,18.4179,72.9314,1.570,1,1308,
LDN1309,DrkN,16.7893,62.2669,0.432,2,1309,
LDN1310,DrkN,16.7721,59.2670,1.110,2,1310,
LDN1311,DrkN,171.1474,84.7255,1.660,1,1311,
LDN1312,DrkN,18.5535,62.0977,0.111,4,1312,
LDN1313,DrkN,19.0550,61.6803,0.036,3,1313,
LDN1314,DrkN,19.3054,61.4299,0.008,4,1314,
LDN1315,DrkN,20.0742,63.0954,0.282,3,1315,
LDN1316,DrkN,19.8096,61.4291,0.045,3,1316,
LDN1320,DrkN,63.8064,85.6311,0.465,1,1317,
LDN1317,DrkN,20.7706,61.8442,0.002,5,1318,
LDN1321,DrkN,159.1824,84.2414,1.760,1,1319,
LDN1319,DrkN,20.8167,61.2608,0.206,3,1320,
LDN1322,DrkN,21.0688,61.2604,0.004,5,1321,
LDN1323,DrkN,21.3221,61.4266,0.024,4,1322,
LDN1324,DrkN,21.5755,61.5928,0.036,4,1323,
LDN1325,DrkN,22.4704,63.0912,0.003,5,1324,
LDN1326,DrkN,22.6722,63.0909,0.003,5,1325,
LDN1327,DrkN,23.6289,65.4224,0.054,1,1326,
LDN1328,DrkN,24.6612,67.2538,1.530,1,1327,
LDN1329,DrkN,23.8795,65.2553,0.034,3,1328,
LDN1330,DrkN,24.1319,65.2548,0.019,4,1329,
LDN1331,DrkN,24.6284,64.5038,0.063,1,1330,
LDN1332,DrkN,25.6127,62.0518,0.009,4,1331,
LDN1333,DrkN,36.5152,75.4754,0.007,6,1332,
LDN1335,DrkN,27.9284,66.0802,0.615,3,1333,
LDN1334,DrkN,25.8638,61.9513,0.011,3,1334,
LDN1336,DrkN,28.4426,66.7457,1.370,3,1335,
LDN1337,DrkN,26.3676,61.9169,0.012,4,1336,
LDN1338,DrkN,28.6443,62.7119,0.003,4,1337,
LDN1339,DrkN,28.6421,62.5119,0.003,5,1338,
LDN1340,DrkN,37.6843,72.9553,0.001,5,1339,
LDN1341,DrkN,28.9465,62.6945,0.002,4,1340,
LDN1343,DrkN,29.0191,62.4110,0.021,5,1341,
LDN1345,DrkN,29.2737,62.6438,0.015,5,1342,
LDN1346,DrkN,29.2735,62.6271,0.015,5,1343,
LDN1347,DrkN,29.5222,62.3265,0.045,3,1344,
LDN1348,DrkN,29.6492,62.4096,0.045,3,1345,
LDN1349,DrkN,33.4829,66.2334,1.180,1,1346,
LDN1350,DrkN,32.3798,60.9862,0.004,4,1347,
LDN1351,DrkN,32.6802,60.8187,0.003,5,1348,
LDN1352,DrkN,38.8023,67.3851,0.017,1,1349,
LDN1353,DrkN,41.0908,68.2114,2.510,1,1350,
LDN1354,DrkN,34.9321,61.7294,0.016,4,1351,
LDN1355,DrkN,43.1799,69.0381,0.007,6,1352,
LDN1357,DrkN,43.1252,68.8716,0.004,6,1353,
LDN1356,DrkN,35.6877,61.7273,0.079,4,1354,
LDN1358,DrkN,43.8951,69.3691,0.006,6,1355,
LDN1359,DrkN,36.4474,62.0585,0.061,5,1356,
LDN1360,DrkN,36.6887,61.2245,0.011,4,1357,
LDN1361,DrkN,37.0716,61.6401,0.011,4,1358,
LDN1362,DrkN,36.9405,61.2238,0.004,4,1359,
LDN1363,DrkN,36.9384,61.0571,0.011,4,1360,
LDN1364,DrkN,37.4482,61.5556,0.015,4,1361,
LDN1365,DrkN,37.1871,60.8064,0.093,4,1362,
LDN1366,DrkN,38.2057,61.7201,0.215,3,1363,
LDN1367,DrkN,37.9486,61.3042,0.016,4,1364,
LDN1368,DrkN,38.2014,61.3868,0.006,3,1365,
LDN1369,DrkN,38.4531,61.3860,0.012,3,1366,
LDN1370,DrkN,37.9382,60.4708,0.035,5,1367,
LDN1371,DrkN,38.6964,60.7186,0.206,4,1368,
LDN1372,DrkN,39.4601,61.3830,0.027,3,1369,
LDN1373,DrkN,39.4579,61.2163,12.000,2,1370,
LDN1374,DrkN,38.6691,58.3853,0.011,4,1371,
LDN1375,DrkN,41.2152,60.8775,0.029,3,1372,
LDN1376,DrkN,40.9592,60.5450,0.019,5,1373,
LDN-SEQ-1374,DrkN,43.4752,60.5369,0.000,,1374,
LDN1377,DrkN,48.7641,61.0186,0.025,4,1375,
LDN1378,DrkN,48.7287,60.3354,0.001,5,1376,
LDN1379,DrkN,48.8798,60.3515,0.002,5,1377,
LDN1380,DrkN,48.9271,60.1513,0.001,5,1378,
LDN1381,DrkN,49.1292,60.2172,0.006,5,1379,
LDN1382,DrkN,49.2527,60.0668,0.010,4,1380,
LDN1383,DrkN,49.5046,60.0992,0.003,4,1381,
LDN1384,DrkN,50.0061,60.0140,0.068,4,1382,
LDN1385,DrkN,50.2545,59.8131,0.004,5,1383,
LDN1386,DrkN,50.5541,59.6787,0.008,5,1384,
LDN1387,DrkN,59.1177,56.0616,0.028,4,1385,6
LDN1388,DrkN,60.7590,56.8047,0.007,4,1386,
LDN1389,DrkN,61.1367,56.9031,0.002,6,1387,
LDN-SEQ-1388,DrkN,160.3093,60.3220,0.169,4,1388,
LDN1390,DrkN,62.2416,55.1317,0.952,3,1389,
LDN1391,DrkN,59.4580,53.1434,1.370,1,1390,
LDN1392,DrkN,63.4956,55.1263,0.034,5,1391,8
LDN1393,DrkN,63.2404,54.7941,0.018,5,1392,
LDN1394,DrkN,64.2501,55.2897,0.184,5,1393,
LDN1395,DrkN,63.4827,54.1264,1.460,2,1394,
LDN1396,DrkN,65.2509,55.1187,0.070,3,1395,11
LDN1397,DrkN,65.2476,54.8687,0.018,5,1396,
LDN1398,DrkN,64.7407,54.4542,0.490,3,1397,
LDN1399,DrkN,66.0031,55.1154,0.163,5,1398,
LDN1400,DrkN,66.2515,54.9476,0.011,3,1399,
LDN1401,DrkN,67.0072,55.2109,0.017,5,1400,
LDN1402,DrkN,65.9964,54.6154,0.172,4,1401,13
LDN1403,DrkN,67.1324,55.1937,0.003,5,1402,
LDN1404,DrkN,67.5095,55.2754,0.025,5,1403,
LDN1405,DrkN,68.5122,55.2709,0.172,4,1404,21
LDN1406,DrkN,69.5166,55.3997,0.005,5,1405,
LDN1407,DrkN,67.4961,54.2754,0.130,5,1406,12
LDN1408,DrkN,68.0007,54.5231,0.156,3,1407,
LDN1409,DrkN,69.0088,54.9353,0.009,4,1408,
LDN1410,DrkN,69.0077,54.8520,0.003,5,1409,
LDN1411,DrkN,69.0021,54.4353,0.009,4,1410,
LDN1412,DrkN,69.2527,54.4342,0.002,5,1411,
LDN1414,DrkN,68.4879,53.4376,0.201,3,1412,
LDN1415,DrkN,70.5057,54.4285,0.064,3,1413,
LDN1416,DrkN,70.0001,54.0974,0.007,5,1414,
LDN1417,DrkN,70.2484,53.9296,0.005,5,1415,
LDN1418,DrkN,68.4775,52.6043,2.600,2,1416,20
LDN1419,DrkN,72.7651,54.7515,0.079,2,1417,
LDN1420,DrkN,68.2229,52.2721,0.002,5,1418,
LDN1421,DrkN,68.2199,52.0221,0.009,5,1419,
LDN1422,DrkN,72.2550,54.0871,1.130,1,1420,
LDN1423,DrkN,71.2431,53.3418,0.001,5,1421,
LDN1424,DrkN,71.2420,53.2584,0.006,5,1422,
LDN1425,DrkN,71.4904,53.0906,0.093,4,1423,
LDN1426,DrkN,71.7409,53.0895,0.019,5,1424,
LDN1427,DrkN,70.9841,52.6763,0.005,4,1425,
LDN1428,DrkN,70.9831,52.5929,0.005,4,1426,
LDN1429,DrkN,71.9789,52.0883,0.032,5,1427,
LDN1431,DrkN,71.9779,52.0050,0.010,5,1428,
LDN1430,DrkN,72.2300,52.1372,0.009,5,1429,
LDN1432,DrkN,72.9808,52.0837,0.019,4,1430,
LDN1433,DrkN,72.7283,51.9182,0.019,5,1431,
LDN1434,DrkN,54.0632,37.6649,0.704,3,1432,
LDN1435,DrkN,72.7243,51.5849,0.145,4,1433,
LDN1436,DrkN,73.4777,51.7481,0.312,3,1434,
LDN1437,DrkN,74.8341,52.0751,0.003,5,1435,
LDN1438,DrkN,73.9765,51.5791,0.171,4,1436,
LDN1439,DrkN,75.2347,52.0732,0.012,5,1437,
LDN1440,DrkN,59.4761,41.4764,0.027,4,1438,
LDN1441,DrkN,60.0279,41.5575,0.027,5,1439,
LDN1442,DrkN,57.5794,38.9842,0.316,4,1440,
LDN1443,DrkN,60.0975,40.8072,1.650,2,1441,
LDN1444,DrkN,68.4161,46.9378,0.539,2,1442,
LDN1445,DrkN,68.0372,46.6061,0.084,5,1443,17  16  15
LDN1446,DrkN,56.5653,37.1550,0.294,3,1444,
LDN1447,DrkN,60.8491,40.8040,0.653,4,1445,
LDN1448,DrkN,51.5187,30.6746,0.053,4,1446,203
LDN1449,DrkN,58.3220,37.6478,2.300,3,1447,
LDN1450,DrkN,52.3988,31.3380,0.009,5,1448,205 206
LDN1451,DrkN,51.5162,30.1746,0.140,4,1449,202
LDN1452,DrkN,52.0196,30.6727,1.660,3,1450,
LDN1453,DrkN,44.0113,20.2847,0.066,4,1451,
LDN1455,DrkN,52.0171,30.1727,0.025,5,1452,204
LDN1456,DrkN,58.8198,37.1458,0.044,3,1453,
LDN1454,DrkN,44.2112,20.2007,0.860,3,1454,
LDN1457,DrkN,43.9584,19.5349,0.262,4,1455,
LDN1459,DrkN,62.0931,39.6321,9.730,1,1456,
LDN1458,DrkN,44.4615,20.1998,0.056,4,1457,
LDN1460,DrkN,86.0002,52.3552,0.181,3,1458,
LDN1461,DrkN,70.4761,44.9284,0.050,3,1459,
LDN1462,DrkN,60.0710,36.9739,0.030,5,1460,
LDN1463,DrkN,60.3209,36.8895,0.027,3,1461,
LDN1464,DrkN,60.1692,36.6735,0.004,5,1462,
LDN1466,DrkN,86.9984,52.1836,0.124,4,1463,
LDN1465,DrkN,73.1654,45.9994,0.077,3,1464,25
LDN1467,DrkN,87.2485,52.1824,0.029,3,1465,
LDN1468,DrkN,55.0288,31.4111,0.120,5,1466,
LDN1469,DrkN,60.7701,36.6376,0.006,4,1467,
LDN1470,DrkN,55.7824,31.8247,0.403,5,1468,4   3
LDN1471,DrkN,56.9905,32.9032,0.097,5,1469,5
LDN1472,DrkN,55.2779,31.1601,3.580,4,1470,2   1
LDN1473,DrkN,62.8338,38.1289,0.148,4,1471,
LDN1474,DrkN,72.1462,44.0874,4.640,1,1472,
LDN1475,DrkN,75.9103,45.0699,0.368,2,1473,
LDN1476,DrkN,75.9057,44.5699,0.106,3,1474,
LDN1477,DrkN,75.9011,44.0699,0.278,4,1475,
LDN1478,DrkN,65.8317,37.1158,4.440,3,1476,
LDN1479,DrkN,69.6054,39.5989,1.530,1,1477,
LDN1480,DrkN,76.3971,43.5676,0.097,2,1478,
LDN1481,DrkN,69.8458,38.2645,0.553,3,1479,
LDN1482,DrkN,67.0733,35.6102,0.130,1,1480,
LDN1483,DrkN,68.8313,36.4357,0.217,4,1481,
LDN1484,DrkN,60.7751,29.1375,0.445,1,1482,
LDN1485,DrkN,69.3268,35.6835,0.316,1,1483,
LDN1486,DrkN,62.0268,29.1322,0.480,1,1484,
LDN1487,DrkN,69.8223,34.9312,0.940,3,1485,
LDN1488,DrkN,73.3386,36.6984,0.568,2,1486,
LDN1489,DrkN,61.1862,26.4691,0.027,5,1487,
LDN1490,DrkN,73.0059,35.6666,0.075,4,1488,
LDN1492,DrkN,72.3262,35.0864,1.250,1,1489,
LDN1491,DrkN,61.1602,26.2859,0.004,5,1490,
LDN1493,DrkN,73.5815,35.6639,0.463,2,1491,
LDN1494,DrkN,73.5533,35.2140,0.011,4,1492,
LDN1495,DrkN,64.5213,27.6214,2.600,5,1493,7  10 211 209 216 213 218 217
LDN1496,DrkN,70.8048,32.0933,0.710,3,1494,
LDN1497,DrkN,66.7794,28.6115,0.725,2,1495,
LDN1498,DrkN,62.7551,24.9624,0.118,5,1496,
LDN1499,DrkN,62.6291,24.7962,0.072,3,1497,
LDN1500,DrkN,68.2858,29.4381,0.972,3,1498,219
LDN1501,DrkN,63.7570,25.1247,1.200,2,1499,
LDN1502,DrkN,75.8225,34.0701,0.484,1,1500,
LDN1503,DrkN,70.0906,29.9299,0.008,5,1501,23
LDN1504,DrkN,70.2908,29.9290,0.336,1,1502,
LDN1505,DrkN,72.0496,31.0876,1.050,1,1503,
LDN1506,DrkN,65.0091,25.2859,0.334,6,1504,
LDN1507,DrkN,70.7902,29.7600,0.090,5,1505,24
LDN1508,DrkN,70.2858,29.0957,0.183,3,1506,
LDN1509,DrkN,83.5508,37.2833,0.108,3,1507,
LDN1510,DrkN,79.0801,34.8047,0.252,3,1508,
LDN1511,DrkN,65.0064,24.7859,0.300,3,1509,
LDN1512,DrkN,75.9390,32.7862,0.016,6,1510,
LDN1513,DrkN,73.0489,30.8330,0.057,4,1511,
LDN1514,DrkN,70.6611,29.0940,0.050,4,1512,
LDN1515,DrkN,73.2997,30.9152,0.147,3,1513,
LDN1516,DrkN,80.8329,35.0463,5.620,1,1514,
LDN1517,DrkN,73.7980,30.5795,0.051,6,1515,28  27  26
LDN1518,DrkN,84.8494,37.0270,4.600,1,1516,
LDN1519,DrkN,73.9231,30.5789,0.063,4,1517,
LDN1520,DrkN,71.0325,28.4256,0.398,1,1518,
LDN1521,DrkN,68.2667,26.1048,4.100,4,1519,22  19  14 220
LDN1522,DrkN,76.8099,32.0654,0.018,4,1520,222
LDN1523,DrkN,76.5575,31.7333,0.017,6,1521,29
LDN1524,DrkN,67.0074,24.6104,0.324,5,1522,215 212 210
LDN1525,DrkN,85.4944,36.3239,0.006,4,1523,
LDN1526,DrkN,82.1549,34.5233,0.003,4,1524,
LDN1527,DrkN,69.7689,26.2647,0.010,6,1525,
LDN1528,DrkN,69.2657,25.7669,2.000,3,1526,
LDN1529,DrkN,68.0073,24.4393,0.223,5,1527,18
LDN1530,DrkN,80.8190,33.0464,0.045,3,1528,
LDN1531,DrkN,68.0067,24.3226,0.014,3,1529,
LDN1532,DrkN,70.0163,25.7635,0.112,4,1530,
LDN1533,DrkN,69.0608,24.9179,0.011,5,1531,
LDN1534,DrkN,70.0153,25.5969,0.870,5,1532,
LDN1535,DrkN,68.8801,23.9020,0.111,6,1533,
LDN1536,DrkN,68.2503,23.1048,1.500,4,1534,
LDN1537,DrkN,72.7722,26.4175,0.382,3,1535,
LDN1538,DrkN,71.5137,25.0900,3.000,4,1536,
LDN1539,DrkN,74.0240,26.5784,2.230,1,1537,
LDN1540,DrkN,75.2724,26.1559,0.282,4,1538,
LDN1541,DrkN,71.0005,22.7590,0.352,1,1539,
LDN1542,DrkN,75.2690,25.5726,0.626,3,1540,
LDN1543,DrkN,66.8525,18.8610,0.090,5,1541,
LDN1544,DrkN,76.0175,25.2357,0.109,6,1542,
LDN1545,DrkN,78.8277,26.7224,0.052,3,1543,
LDN1546,DrkN,67.2257,18.4427,0.370,4,1544,
LDN1547,DrkN,79.0258,26.3882,0.049,5,1545,
LDN1548,DrkN,79.0248,26.2215,0.061,4,1546,
LDN1550,DrkN,90.0656,32.1683,0.041,3,1547,
LDN1549,DrkN,79.2750,26.2203,0.079,4,1548,
LDN1551,DrkN,67.8494,18.1066,0.043,6,1549,
LDN1552,DrkN,79.4240,26.0529,0.009,6,1550,
LDN1553,DrkN,79.7752,26.2179,0.087,2,1551,
LDN1554,DrkN,80.0003,26.2168,0.005,4,1552,
LDN1555,DrkN,90.3134,31.8338,0.090,4,1553,
LDN1556,DrkN,69.3445,16.9331,0.050,5,1554,
LDN1557,DrkN,91.5512,29.9944,1.040,3,1555,
LDN1558,DrkN,71.4714,17.0901,0.713,2,1556,
LDN1559,DrkN,81.5075,23.0429,1.350,1,1557,
LDN1560,DrkN,93.2884,27.9859,2.300,2,1558,
LDN1561,DrkN,72.6982,12.2844,0.274,1,1559,
LDN1562,DrkN,75.4579,14.0716,0.152,3,1560,
LDN1563,DrkN,75.4566,13.8216,0.052,5,1561,
LDN1564,DrkN,94.5098,23.2300,0.033,4,1562,
LDN1565,DrkN,95.2602,23.3097,0.252,1,1563,
LDN1566,DrkN,95.2592,23.1430,0.000,3,1564,
LDN1567,DrkN,95.6351,23.3078,0.000,3,1565,
LDN1568,DrkN,95.7582,22.9739,0.000,3,1566,
LDN1569,DrkN,60.2680,0.6394,0.631,2,1567,
LDN1570,DrkN,91.7382,19.3267,0.020,4,1568,227
LDN1572,DrkN,77.6911,10.5610,0.079,4,1569,
LDN1571,DrkN,77.6911,10.5610,0.213,3,1570,
LDN1573,DrkN,82.7069,13.5370,1.040,2,1571,
LDN1574,DrkN,91.9337,18.4924,0.022,4,1572,
LDN1576,DrkN,92.0819,18.1583,0.049,4,1573,
LDN1577,DrkN,82.4518,12.5383,0.412,4,1574,31  30
LDN1578,DrkN,92.1060,17.9915,0.049,4,1575,
LDN1579,DrkN,84.9585,13.7762,0.317,1,1576,
LDN1580,DrkN,83.4536,12.8668,0.222,1,1577,
LDN1581,DrkN,82.3501,12.2054,0.001,5,1578,
LDN1582,DrkN,82.9519,12.5358,0.011,5,1579,
LDN1583,DrkN,82.1993,12.0395,0.057,5,1580,225
LDN1584,DrkN,82.9006,12.2861,0.014,4,1581,
LDN1585,DrkN,85.2064,13.3583,0.059,3,1582,32
LDN1586,DrkN,91.4704,15.9946,7.310,1,1583,
LDN1587,DrkN,91.9704,15.9922,7.310,1,1584,
LDN1588,DrkN,80.1809,8.3824,0.159,3,1585,223
LDN1589,DrkN,79.5759,7.3853,0.027,2,1586,
LDN1590,DrkN,80.1760,7.3824,0.850,4,1587,
LDN1591,DrkN,92.4582,13.6565,0.068,3,1588,
LDN1594,DrkN,86.1846,9.0202,0.059,5,1589,
LDN1595,DrkN,81.9221,6.5407,1.070,2,1590,35
LDN1596,DrkN,86.4346,9.0190,0.041,4,1591,
LDN1597,DrkN,87.5580,8.6802,0.032,4,1592,
LDN1598,DrkN,88.1064,8.3442,0.072,5,1593,
LDN1599,DrkN,87.4272,7.5141,0.181,4,1594,36
LDN1600,DrkN,97.7042,12.9644,0.396,3,1595,
LDN1601,DrkN,97.4513,12.3823,0.066,5,1596,
LDN1602,DrkN,86.1698,6.0202,0.378,4,1597,
LDN1604,DrkN,97.1976,11.6335,0.008,5,1598,
LDN1605,DrkN,98.1924,10.6287,1.250,4,1599,37  38
LDN1606,DrkN,97.4405,10.2156,0.043,4,1600,
LDN1607,DrkN,97.6908,10.2978,0.015,5,1601,
LDN1608,DrkN,99.1931,10.7905,0.045,5,1602,
LDN1609,DrkN,99.0665,10.4578,0.016,5,1603,
LDN1610,DrkN,99.4914,10.4558,0.019,5,1604,39
LDN1611,DrkN,90.1650,5.0008,0.233,3,1605,
LDN1612,DrkN,90.6633,4.6651,0.079,3,1606,
LDN1613,DrkN,100.1864,9.4524,0.000,3,1607,
LDN1614,DrkN,83.8875,-0.6355,0.004,5,1608,
LDN1615,DrkN,76.3742,-3.4329,0.084,2,1609,
LDN1616,DrkN,76.6242,-3.4341,0.016,5,1610,
LDN1617,DrkN,88.6552,3.0081,7.750,3,1611,
LDN1618,DrkN,91.4117,4.3281,0.172,4,1612,
LDN1619,DrkN,91.1609,4.1626,0.038,5,1613,
LDN1620,DrkN,84.1399,-0.1367,0.012,5,1614,
LDN1621,DrkN,88.7520,2.3410,0.027,4,1615,
LDN1622,DrkN,88.6503,2.0081,0.122,6,1616,
LDN1623,DrkN,91.9076,3.4923,0.131,1,1617,
LDN1624,DrkN,89.4003,2.0045,0.000,2,1618,
LDN1625,DrkN,96.9196,5.9681,19.400,1,1619,
LDN1626,DrkN,101.1789,7.9477,1.170,3,1620,
LDN1627,DrkN,86.6407,0.0179,0.063,6,1621,
LDN1628,DrkN,93.1551,2.9863,3.360,2,1622,
LDN1629,DrkN,92.4027,2.4899,1.180,3,1623,
LDN1630,DrkN,86.3858,-0.9809,5.980,4,1624,33
LDN1631,DrkN,101.0462,6.3649,0.023,4,1625,
LDN1632,DrkN,89.8930,0.5021,2.350,1,1626,
LDN1633,DrkN,96.1575,3.4717,0.106,4,1627,
LDN1634,DrkN,79.6128,-5.7817,0.492,2,1628,
LDN1635,DrkN,85.2753,-3.1422,0.008,4,1629,
LDN1636,DrkN,85.3502,-3.1592,0.003,4,1630,
LDN1637,DrkN,100.9096,3.9489,0.964,2,1631,
LDN1638,DrkN,89.3785,-2.4954,2.390,2,1632,
LDN1639,DrkN,102.9118,4.4394,0.970,3,1633,
LDN1640,DrkN,83.3625,-5.7997,0.018,5,1634,
LDN1641,DrkN,84.3567,-6.9712,6.270,4,1635,
LDN1642,DrkN,68.8247,-14.2315,0.372,3,1636,
LDN1643,DrkN,91.6179,-4.6730,0.845,1,1637,
LDN1644,DrkN,91.9138,-5.5078,0.007,5,1638,
LDN1645,DrkN,91.7380,-5.6736,0.052,4,1639,
LDN1646,DrkN,91.8613,-6.0075,3.140,3,1640,
LDN1647,DrkN,85.5917,-9.9772,4.230,3,1641,
LDN1648,DrkN,88.0958,-9.1560,1.850,2,1642,
LDN1649,DrkN,104.5221,-3.9517,0.005,3,1643,
LDN1650,DrkN,104.8677,-4.9033,0.016,2,1644,
LDN1651,DrkN,95.5925,-9.8590,0.255,2,1645,
LDN1652,DrkN,96.5917,-10.0305,1.160,2,1646,
LDN1653,DrkN,104.4531,-7.9347,0.012,3,1647,
LDN1654,DrkN,104.8542,-7.7366,0.050,3,1648,
LDN1655,DrkN,104.1517,-8.2333,0.014,4,1649,
LDN1656,DrkN,104.1259,-8.3998,0.077,3,1650,
LDN1657,DrkN,106.0916,-10.4091,1.080,3,1651,
LDN1658,DrkN,108.5890,-11.0874,0.000,2,1652,
LDN1659,DrkN,109.4024,-23.3413,0.045,4,1653,
LDN1660,DrkN,110.0246,-23.9274,0.047,4,1654,
LDN1661,DrkN,110.5241,-24.0964,0.375,2,1655,
LDN1663,DrkN,113.0314,-23.1077,0.428,2,1656,
LDN1662,DrkN,112.0279,-23.6032,0.128,2,1657,
LDN1664,DrkN,111.0217,-24.5987,0.154,3,1658,
LDN1665,DrkN,113.7793,-23.6111,0.181,3,1659,
LDN1666,DrkN,114.0269,-24.1122,0.027,4,1660,
LDN1667,DrkN,111.2654,-25.7665,0.418,3,1661,
LDN1668,DrkN,114.2479,-24.8965,0.020,4,1662,
LDN1669,DrkN,119.0022,-29.6339,0.594,2,1663,
LDN1670,DrkN,121.1188,-31.6428,0.038,1,1664,
LDN1671,DrkN,121.4915,-32.1444,0.142,1,1665,
LDN1672,DrkN,245.2751,-28.1181,0.740,4,1666,
LDN1673,DrkN,247.5352,-29.4415,0.077,3,1667,
LDN1674,DrkN,247.4563,-28.7752,0.009,3,1668,
LDN1675,DrkN,244.5133,-26.1215,1.100,4,1669,229
LDN1676,DrkN,245.2640,-26.1182,2.860,3,1670,
LDN1677,DrkN,253.3073,-32.0818,10.160,1,1671,237 234 239
LDN1678,DrkN,244.0048,-24.6237,0.138,3,1672,
LDN1679,DrkN,255.6898,-32.9041,0.011,3,1673,49
LDN1680,DrkN,245.2533,-24.1182,2.860,4,1674,
LDN1681,DrkN,246.7582,-24.7782,0.206,5,1675,
LDN1682,DrkN,257.0605,-32.0976,0.023,5,1676,55
LDN1683,DrkN,247.2605,-25.1093,2.430,1,1677,
LDN1684,DrkN,247.7627,-25.4404,0.084,4,1678,
LDN1685,DrkN,257.3110,-32.1464,0.004,5,1679,56
LDN1686,DrkN,246.4555,-24.3296,0.016,6,1680,
LDN1687,DrkN,245.7511,-23.6160,3.170,3,1681,
LDN1688,DrkN,246.5044,-24.1127,0.760,4,1682,
LDN1691,DrkN,258.8147,-32.5559,0.987,3,1683,
LDN1689,DrkN,248.0110,-25.0893,0.007,6,1684,
LDN1690,DrkN,246.7042,-24.0451,0.020,5,1685,
LDN1693,DrkN,258.3122,-32.2250,0.014,3,1686,
LDN1692,DrkN,246.6286,-23.9454,0.007,5,1687,
LDN1694,DrkN,257.5584,-31.7286,0.528,3,1688,
LDN1695,DrkN,255.7997,-30.5702,0.540,2,1689,241
LDN1697,DrkN,258.3116,-32.1417,0.027,3,1690,
LDN1696,DrkN,247.2062,-24.3262,0.036,6,1691,42
LDN1698,DrkN,258.8125,-32.2226,0.038,5,1692,252
LDN1699,DrkN,258.8873,-32.1889,0.034,5,1693,
LDN1700,DrkN,258.0576,-31.5595,0.535,2,1694,
LDN1701,DrkN,259.0618,-32.1048,0.006,3,1695,
LDN1702,DrkN,259.0599,-31.8048,0.059,3,1696,
LDN1703,DrkN,259.6872,-32.1018,0.008,5,1697,
LDN1704,DrkN,247.7036,-23.7740,0.010,6,1698,
LDN1705,DrkN,260.0626,-32.1333,0.034,5,1699,
LDN1706,DrkN,258.0533,-30.8929,0.950,3,1700,
LDN1707,DrkN,258.3040,-30.9750,0.029,5,1701,
LDN1708,DrkN,257.5498,-30.3953,0.047,4,1702,
LDN1710,DrkN,260.1865,-31.9494,0.106,5,1703,
LDN1709,DrkN,248.2541,-23.7715,0.099,6,1704,
LDN1711,DrkN,257.7989,-30.2274,0.043,4,1705,
LDN1713,DrkN,257.7987,-30.1941,0.007,4,1706,
LDN1712,DrkN,249.5087,-24.4325,1.560,5,1707,44
LDN1714,DrkN,258.0496,-30.3095,0.006,5,1708,
LDN1715,DrkN,258.0490,-30.2262,0.003,5,1709,
LDN1716,DrkN,257.5456,-29.7286,0.251,3,1710,243
LDN1717,DrkN,244.7324,-20.1204,0.357,3,1711,41
LDN1718,DrkN,258.7996,-30.2393,0.005,5,1712,
LDN1720,DrkN,259.0496,-30.2215,0.093,4,1713,
LDN1719,DrkN,244.9826,-20.1193,0.610,5,1714,
LDN1721,DrkN,243.9769,-19.1237,0.287,3,1715,40
LDN1722,DrkN,259.0485,-30.0548,7.780,2,1716,
LDN1723,DrkN,262.8145,-32.2035,0.005,5,1717,
LDN1724,DrkN,262.9396,-32.2195,0.002,5,1718,
LDN1725,DrkN,259.8011,-30.3845,0.032,5,1719,254
LDN1727,DrkN,258.0427,-29.2262,0.002,5,1720,249
LDN1726,DrkN,258.0427,-29.2262,0.093,3,1721,247 245
LDN1728,DrkN,257.7914,-29.0274,0.020,3,1722,
LDN1730,DrkN,263.3146,-32.2010,1.680,2,1723,
LDN1729,DrkN,250.7578,-24.0935,0.900,4,1724,
LDN1731,DrkN,256.5347,-28.0667,1.320,2,1725,
LDN1732,DrkN,262.3098,-31.5392,0.912,2,1726,
LDN1733,DrkN,258.1164,-29.0092,0.018,5,1727,248
LDN1734,DrkN,263.1123,-31.8687,0.006,5,1728,
LDN1735,DrkN,263.0363,-31.7190,0.002,5,1729,
LDN1736,DrkN,257.5373,-28.3953,0.038,5,1730,244
LDN1738,DrkN,263.2364,-31.7181,0.003,5,1731,
LDN1737,DrkN,257.7880,-28.4774,0.192,4,1732,
LDN1741,DrkN,260.5493,-30.0476,17.560,3,1733,
LDN1739,DrkN,248.7452,-22.0193,0.093,3,1734,
LDN1740,DrkN,249.0464,-22.2179,0.084,5,1735,
LDN1742,DrkN,258.0376,-28.3929,0.034,4,1736,250
LDN1743,DrkN,258.0355,-28.0596,0.510,3,1737,
LDN1744,DrkN,249.9973,-22.2636,0.099,5,1738,45
LDN1745,DrkN,252.2579,-23.9199,0.255,4,1739,
LDN1746,DrkN,257.7814,-27.3941,0.306,5,1740,59
LDN1747,DrkN,252.7578,-23.8343,0.280,3,1741,
LDN1749,DrkN,260.7931,-29.0464,0.117,5,1742,256
LDN1748,DrkN,252.2551,-23.4199,0.138,2,1743,
LDN1750,DrkN,253.0084,-23.9164,0.280,3,1744,
LDN1751,DrkN,262.8002,-30.0368,1.230,2,1745,
LDN1753,DrkN,268.5715,-33.0089,1.270,2,1746,
LDN1752,DrkN,247.4819,-19.6083,1.780,4,1747,43
LDN1754,DrkN,263.0503,-30.0356,0.321,1,1748,
LDN1756,DrkN,259.0320,-27.3882,0.285,5,1749,
LDN1755,DrkN,250.9962,-21.9257,0.660,4,1750,
LDN1757,DrkN,247.9822,-19.6060,0.061,6,1751,
LDN1758,DrkN,268.8192,-32.6744,0.010,4,1752,
LDN1759,DrkN,253.0288,-23.0830,0.027,6,1753,238
LDN1760,DrkN,270.0716,-33.0017,0.054,4,1754,
LDN1761,DrkN,254.0071,-23.5785,0.402,2,1755,
LDN1762,DrkN,270.5727,-33.1659,0.023,4,1756,
LDN1763,DrkN,254.0062,-23.4118,0.402,2,1757,
LDN1764,DrkN,262.0405,-28.5405,2.160,2,1758,
LDN1765,DrkN,251.2429,-21.2579,0.079,5,1759,
LDN1766,DrkN,269.5670,-32.3374,0.090,2,1760,
LDN1767,DrkN,259.6535,-26.7519,0.007,5,1761,
LDN1768,DrkN,260.0294,-26.8667,0.013,6,1762,66
LDN1769,DrkN,265.5510,-30.0235,12.500,4,1763,275 278
LDN1770,DrkN,248.2273,-18.6049,0.813,3,1764,
LDN1771,DrkN,271.0693,-32.6635,0.115,4,1765,87
LDN1772,DrkN,259.9529,-26.6338,0.016,6,1766,65
LDN1773,DrkN,260.2791,-26.7989,0.036,6,1767,67
LDN1774,DrkN,260.6555,-27.0137,0.029,6,1768,
LDN1776,DrkN,263.2909,-28.5344,2.450,2,1769,
LDN1775,DrkN,254.2531,-22.8273,0.008,6,1770,46
LDN1777,DrkN,254.2527,-22.7440,0.050,4,1771,
LDN1778,DrkN,234.9690,-7.1611,0.086,5,1772,
LDN1779,DrkN,254.7539,-22.9083,0.090,3,1773,
LDN1781,DrkN,246.9692,-17.1105,1.190,3,1774,230
LDN1783,DrkN,269.5614,-31.5041,0.079,2,1775,
LDN1782,DrkN,250.4846,-19.7613,0.047,6,1776,
LDN1780,DrkN,235.1690,-7.1603,0.197,4,1777,
LDN1784,DrkN,254.9540,-22.9074,0.027,4,1778,
LDN1785,DrkN,255.0040,-22.9071,0.027,4,1779,
LDN1786,DrkN,271.6673,-32.3772,0.011,4,1780,300
LDN1789,DrkN,272.0680,-32.4919,0.767,3,1781,
LDN1788,DrkN,268.3058,-30.6769,0.084,3,1782,
LDN1787,DrkN,255.0031,-22.7405,0.090,3,1783,
LDN1790,DrkN,257.7648,-24.5608,1.080,3,1784,
LDN1791,DrkN,254.9022,-22.5909,0.017,5,1785,47
LDN1793,DrkN,261.4030,-26.5435,1.080,2,1786,
LDN1794,DrkN,261.6037,-26.6425,0.006,5,1787,
LDN1795,DrkN,268.6797,-30.5084,0.084,4,1788,
LDN1796,DrkN,250.4812,-19.0947,0.344,3,1789,
LDN1797,DrkN,255.5024,-22.5715,0.149,3,1790,
LDN1798,DrkN,271.0614,-31.4968,0.018,4,1791,295
